First:
No normalization in targets
Freeze all except newly added layers
no regularization

2.:
Add normalization to targets as well
Unfreeze last conv layer but set a lower learning rate
Add early stopping in the form of saving the lowest val. rmse model.

3.:
Unfreeze conv4 as well


========== Training on Spectrogram data ==========

Training on single GPU.

Initializing input data normalization.

|======================================================================================================================|

|  Epoch  |  Iteration  |  Time Elapsed  |  Mini-batch  |  Validation  |  Mini-batch  |  Validation  |  Base Learning  |

|         |             |   (hh:mm:ss)   |     RMSE     |     RMSE     |     Loss     |     Loss     |      Rate       |

|======================================================================================================================|

|       1 |           1 |       00:00:01 |         1.24 |         1.94 |       0.7670 |       1.8813 |      1.0000e-04 |

|       1 |          30 |       00:00:03 |         1.06 |         1.65 |       0.5630 |       1.3615 |      1.0000e-04 |

|       1 |          50 |       00:00:04 |         0.58 |              |       0.1681 |              |      1.0000e-04 |

|       1 |          60 |       00:00:05 |         0.93 |         1.54 |       0.4316 |       1.1856 |      1.0000e-04 |

|       1 |          90 |       00:00:07 |         0.57 |         1.24 |       0.1637 |       0.7727 |      1.0000e-04 |

|       1 |         100 |       00:00:07 |         2.15 |              |       2.3180 |              |      1.0000e-04 |

|       1 |         120 |       00:00:09 |         0.61 |         0.97 |       0.1838 |       0.4711 |      1.0000e-04 |

|       1 |         150 |       00:00:11 |         0.68 |         0.84 |       0.2316 |       0.3564 |      1.0000e-04 |

|       1 |         180 |       00:00:13 |         0.52 |         0.75 |       0.1367 |       0.2840 |      1.0000e-04 |

|       1 |         200 |       00:00:13 |         0.67 |              |       0.2237 |              |      1.0000e-04 |

|       1 |         210 |       00:00:15 |         0.62 |         0.70 |       0.1950 |       0.2450 |      1.0000e-04 |

|       1 |         240 |       00:00:16 |         0.51 |         0.69 |       0.1299 |       0.2362 |      1.0000e-04 |

|       1 |         250 |       00:00:17 |         0.54 |              |       0.1454 |              |      1.0000e-04 |

|       1 |         270 |       00:00:18 |         0.47 |         0.68 |       0.1117 |       0.2330 |      1.0000e-04 |

|       1 |         300 |       00:00:20 |         0.46 |         0.67 |       0.1067 |       0.2227 |      1.0000e-04 |

|       1 |         330 |       00:00:22 |         0.44 |         0.66 |       0.0966 |       0.2189 |      1.0000e-04 |

|       1 |         350 |       00:00:23 |         0.61 |              |       0.1863 |              |      1.0000e-04 |

|       1 |         360 |       00:00:24 |         0.41 |         0.57 |       0.0847 |       0.1626 |      1.0000e-04 |

|       2 |         390 |       00:00:26 |         1.10 |         0.58 |       0.6010 |       0.1668 |      1.0000e-04 |

|       2 |         400 |       00:00:26 |         0.50 |              |       0.1270 |              |      1.0000e-04 |

|       2 |         420 |       00:00:28 |         0.46 |         0.59 |       0.1072 |       0.1716 |      1.0000e-04 |

|       2 |         450 |       00:00:30 |         0.45 |         0.54 |       0.1010 |       0.1466 |      1.0000e-04 |

|       2 |         480 |       00:00:32 |         0.50 |         0.57 |       0.1261 |       0.1598 |      1.0000e-04 |

|       2 |         500 |       00:00:32 |         0.38 |              |       0.0731 |              |      1.0000e-04 |

|       2 |         510 |       00:00:33 |         0.31 |         0.56 |       0.0475 |       0.1591 |      1.0000e-04 |

|       2 |         540 |       00:00:35 |         0.63 |         0.57 |       0.1998 |       0.1607 |      1.0000e-04 |

|       2 |         550 |       00:00:36 |         0.42 |              |       0.0896 |              |      1.0000e-04 |

|       2 |         570 |       00:00:37 |         0.40 |         0.52 |       0.0817 |       0.1340 |      1.0000e-04 |

|       2 |         600 |       00:00:39 |         0.30 |         0.55 |       0.0451 |       0.1493 |      1.0000e-04 |

|       2 |         630 |       00:00:41 |         0.39 |         0.62 |       0.0770 |       0.1949 |      1.0000e-04 |

|       2 |         650 |       00:00:42 |         0.40 |              |       0.0807 |              |      1.0000e-04 |

|       2 |         660 |       00:00:43 |         0.33 |         0.55 |       0.0561 |       0.1511 |      1.0000e-04 |

|       2 |         690 |       00:00:45 |         0.42 |         0.52 |       0.0889 |       0.1352 |      1.0000e-04 |

|       2 |         700 |       00:00:45 |         0.45 |              |       0.1014 |              |      1.0000e-04 |

|       2 |         720 |       00:00:47 |         0.35 |         0.52 |       0.0614 |       0.1341 |      1.0000e-04 |

|       3 |         750 |       00:00:49 |         0.35 |         0.53 |       0.0610 |       0.1388 |      1.0000e-04 |

|       3 |         780 |       00:00:51 |         0.38 |         0.50 |       0.0736 |       0.1263 |      1.0000e-04 |

|       3 |         800 |       00:00:51 |         0.31 |              |       0.0490 |              |      1.0000e-04 |

|       3 |         810 |       00:00:52 |         0.35 |         0.63 |       0.0610 |       0.1960 |      1.0000e-04 |

|       3 |         840 |       00:00:54 |         0.68 |         0.80 |       0.2291 |       0.3208 |      1.0000e-04 |

|       3 |         850 |       00:00:55 |         0.60 |              |       0.1821 |              |      1.0000e-04 |

|       3 |         870 |       00:00:56 |         0.50 |         0.51 |       0.1275 |       0.1299 |      1.0000e-04 |

|       3 |         900 |       00:00:58 |         0.32 |         0.53 |       0.0523 |       0.1380 |      1.0000e-04 |

|       3 |         930 |       00:01:00 |         0.59 |         0.51 |       0.1715 |       0.1292 |      1.0000e-04 |

|       3 |         950 |       00:01:01 |         0.25 |              |       0.0312 |              |      1.0000e-04 |

|       3 |         960 |       00:01:02 |         0.45 |         0.52 |       0.1032 |       0.1349 |      1.0000e-04 |

|       3 |         990 |       00:01:04 |         0.46 |         0.46 |       0.1048 |       0.1080 |      1.0000e-04 |

|       3 |        1000 |       00:01:04 |         0.40 |              |       0.0783 |              |      1.0000e-04 |

|       3 |        1020 |       00:01:06 |         0.29 |         0.48 |       0.0434 |       0.1169 |      1.0000e-04 |

|       3 |        1050 |       00:01:08 |         0.27 |         0.49 |       0.0373 |       0.1205 |      1.0000e-04 |

|       3 |        1080 |       00:01:09 |         0.30 |         0.46 |       0.0458 |       0.1048 |      1.0000e-04 |

|       4 |        1100 |       00:01:10 |         0.25 |              |       0.0309 |              |      1.0000e-04 |

|       4 |        1110 |       00:01:12 |         0.30 |         0.47 |       0.0440 |       0.1102 |      1.0000e-04 |

|       4 |        1140 |       00:01:15 |         0.26 |         0.50 |       0.0341 |       0.1271 |      1.0000e-04 |

|       4 |        1150 |       00:01:15 |         0.33 |              |       0.0531 |              |      1.0000e-04 |

|       4 |        1170 |       00:01:18 |         0.33 |         0.45 |       0.0539 |       0.0992 |      1.0000e-04 |

|       4 |        1200 |       00:01:21 |         0.31 |         0.51 |       0.0489 |       0.1312 |      1.0000e-04 |

|       4 |        1230 |       00:01:24 |         0.29 |         0.46 |       0.0424 |       0.1041 |      1.0000e-04 |

|       4 |        1250 |       00:01:25 |         0.23 |              |       0.0262 |              |      1.0000e-04 |

|       4 |        1260 |       00:01:27 |         0.38 |         0.43 |       0.0718 |       0.0907 |      1.0000e-04 |

|       4 |        1290 |       00:01:30 |         0.80 |         0.51 |       0.3203 |       0.1294 |      1.0000e-04 |

|       4 |        1300 |       00:01:30 |         0.36 |              |       0.0658 |              |      1.0000e-04 |

|       4 |        1320 |       00:01:33 |         0.41 |         0.53 |       0.0822 |       0.1399 |      1.0000e-04 |

|       4 |        1350 |       00:01:36 |         0.37 |         0.40 |       0.0681 |       0.0807 |      1.0000e-04 |

|       4 |        1380 |       00:01:39 |         0.23 |         0.44 |       0.0258 |       0.0984 |      1.0000e-04 |

|       4 |        1400 |       00:01:40 |         0.31 |              |       0.0471 |              |      1.0000e-04 |

|       4 |        1410 |       00:01:42 |         0.30 |         0.42 |       0.0448 |       0.0889 |      1.0000e-04 |

|       4 |        1440 |       00:01:45 |         0.38 |         0.47 |       0.0737 |       0.1084 |      1.0000e-04 |

|       4 |        1450 |       00:01:45 |         0.30 |              |       0.0440 |              |      1.0000e-04 |

|       5 |        1470 |       00:01:48 |         0.28 |         0.58 |       0.0384 |       0.1669 |      1.0000e-04 |

|       5 |        1500 |       00:01:51 |         0.25 |         0.46 |       0.0305 |       0.1046 |      1.0000e-04 |

|       5 |        1530 |       00:01:54 |         0.35 |         0.44 |       0.0608 |       0.0965 |      1.0000e-04 |

|       5 |        1550 |       00:01:55 |         0.23 |              |       0.0274 |              |      1.0000e-04 |

|       5 |        1560 |       00:01:57 |         0.18 |         0.49 |       0.0158 |       0.1205 |      1.0000e-04 |

|       5 |        1590 |       00:02:00 |         0.26 |         0.54 |       0.0334 |       0.1439 |      1.0000e-04 |

|       5 |        1600 |       00:02:00 |         0.35 |              |       0.0601 |              |      1.0000e-04 |

|       5 |        1620 |       00:02:03 |         0.27 |         0.48 |       0.0369 |       0.1140 |      1.0000e-04 |

|       5 |        1650 |       00:02:06 |         0.26 |         0.48 |       0.0339 |       0.1159 |      1.0000e-04 |

|       5 |        1680 |       00:02:09 |         0.34 |         0.42 |       0.0563 |       0.0862 |      1.0000e-04 |

|       5 |        1700 |       00:02:10 |         0.28 |              |       0.0403 |              |      1.0000e-04 |

|       5 |        1710 |       00:02:12 |         0.22 |         0.37 |       0.0250 |       0.0673 |      1.0000e-04 |

|       5 |        1740 |       00:02:15 |         0.32 |         0.45 |       0.0512 |       0.1009 |      1.0000e-04 |

|       5 |        1750 |       00:02:15 |         0.34 |              |       0.0579 |              |      1.0000e-04 |

|       5 |        1770 |       00:02:18 |         0.30 |         0.44 |       0.0445 |       0.0982 |      1.0000e-04 |

|       5 |        1800 |       00:02:20 |         0.25 |         0.41 |       0.0310 |       0.0859 |      1.0000e-04 |

|       6 |        1830 |       00:02:22 |         0.24 |         0.36 |       0.0287 |       0.0656 |      1.0000e-04 |

|       6 |        1850 |       00:02:23 |         0.25 |              |       0.0308 |              |      1.0000e-04 |

|       6 |        1860 |       00:02:24 |         0.32 |         0.41 |       0.0519 |       0.0835 |      1.0000e-04 |

|       6 |        1890 |       00:02:26 |         0.32 |         0.44 |       0.0508 |       0.0964 |      1.0000e-04 |

|       6 |        1900 |       00:02:26 |         0.25 |              |       0.0322 |              |      1.0000e-04 |

|       6 |        1920 |       00:02:28 |         0.25 |         0.47 |       0.0310 |       0.1093 |      1.0000e-04 |

|       6 |        1950 |       00:02:30 |         0.19 |         0.37 |       0.0172 |       0.0679 |      1.0000e-04 |

|       6 |        1980 |       00:02:32 |         0.25 |         0.47 |       0.0305 |       0.1090 |      1.0000e-04 |

|       6 |        2000 |       00:02:32 |         0.31 |              |       0.0490 |              |      1.0000e-04 |

|       6 |        2010 |       00:02:34 |         0.21 |         0.38 |       0.0216 |       0.0715 |      1.0000e-04 |

|       6 |        2040 |       00:02:35 |         0.21 |         0.37 |       0.0223 |       0.0675 |      1.0000e-04 |

|       6 |        2050 |       00:02:36 |         0.20 |              |       0.0201 |              |      1.0000e-04 |

|       6 |        2070 |       00:02:37 |         0.24 |         0.37 |       0.0291 |       0.0702 |      1.0000e-04 |

|       6 |        2100 |       00:02:39 |         0.28 |         0.38 |       0.0402 |       0.0705 |      1.0000e-04 |

|       6 |        2130 |       00:02:41 |         0.39 |         0.52 |       0.0756 |       0.1345 |      1.0000e-04 |

|       6 |        2150 |       00:02:42 |         0.42 |              |       0.0902 |              |      1.0000e-04 |

|       6 |        2160 |       00:02:43 |         0.19 |         0.37 |       0.0188 |       0.0689 |      1.0000e-04 |

|       7 |        2190 |       00:02:45 |         0.22 |         0.33 |       0.0236 |       0.0555 |      1.0000e-04 |

|       7 |        2200 |       00:02:45 |         0.59 |              |       0.1716 |              |      1.0000e-04 |

|       7 |        2220 |       00:02:47 |         0.19 |         0.39 |       0.0182 |       0.0764 |      1.0000e-04 |

|       7 |        2250 |       00:02:49 |         0.22 |         0.38 |       0.0236 |       0.0716 |      1.0000e-04 |

|       7 |        2280 |       00:02:51 |         0.24 |         0.36 |       0.0289 |       0.0648 |      1.0000e-04 |

|       7 |        2300 |       00:02:51 |         0.16 |              |       0.0135 |              |      1.0000e-04 |

|       7 |        2310 |       00:02:53 |         0.55 |         0.39 |       0.1530 |       0.0749 |      1.0000e-04 |

|       7 |        2340 |       00:02:56 |         0.22 |         0.36 |       0.0237 |       0.0660 |      1.0000e-04 |

|       7 |        2350 |       00:02:57 |         0.20 |              |       0.0210 |              |      1.0000e-04 |

|       7 |        2370 |       00:02:59 |         0.18 |         0.40 |       0.0159 |       0.0817 |      1.0000e-04 |

|       7 |        2400 |       00:03:02 |         0.26 |         0.39 |       0.0347 |       0.0766 |      1.0000e-04 |

|       7 |        2430 |       00:03:05 |         0.18 |         0.35 |       0.0163 |       0.0620 |      1.0000e-04 |

|       7 |        2450 |       00:03:07 |         0.21 |              |       0.0228 |              |      1.0000e-04 |

|       7 |        2460 |       00:03:08 |         0.62 |         0.35 |       0.1905 |       0.0607 |      1.0000e-04 |

|       7 |        2490 |       00:03:11 |         0.41 |         0.38 |       0.0847 |       0.0729 |      1.0000e-04 |

|       7 |        2500 |       00:03:12 |         0.22 |              |       0.0235 |              |      1.0000e-04 |

|       7 |        2520 |       00:03:14 |         0.18 |         0.37 |       0.0165 |       0.0683 |      1.0000e-04 |

|       8 |        2550 |       00:03:17 |         0.17 |         0.30 |       0.0142 |       0.0439 |      1.0000e-04 |

|       8 |        2580 |       00:03:21 |         0.18 |         0.37 |       0.0166 |       0.0681 |      1.0000e-04 |

|       8 |        2600 |       00:03:22 |         0.25 |              |       0.0304 |              |      1.0000e-04 |

|       8 |        2610 |       00:03:24 |         0.45 |         0.32 |       0.1017 |       0.0517 |      1.0000e-04 |

|       8 |        2640 |       00:03:27 |         0.23 |         0.42 |       0.0274 |       0.0864 |      1.0000e-04 |

|       8 |        2650 |       00:03:28 |         0.25 |              |       0.0321 |              |      1.0000e-04 |

|       8 |        2670 |       00:03:30 |         0.20 |         0.33 |       0.0192 |       0.0545 |      1.0000e-04 |

|       8 |        2700 |       00:03:33 |         0.32 |         0.34 |       0.0499 |       0.0581 |      1.0000e-04 |

|       8 |        2730 |       00:03:36 |         0.22 |         0.34 |       0.0244 |       0.0571 |      1.0000e-04 |

|       8 |        2750 |       00:03:38 |         0.22 |              |       0.0252 |              |      1.0000e-04 |

|       8 |        2760 |       00:03:39 |         0.16 |         0.32 |       0.0129 |       0.0523 |      1.0000e-04 |

|       8 |        2790 |       00:03:42 |         0.21 |         0.30 |       0.0230 |       0.0464 |      1.0000e-04 |

|       8 |        2800 |       00:03:43 |         0.16 |              |       0.0135 |              |      1.0000e-04 |

|       8 |        2820 |       00:03:46 |         0.23 |         0.39 |       0.0266 |       0.0770 |      1.0000e-04 |

|       8 |        2850 |       00:03:49 |         0.19 |         0.33 |       0.0188 |       0.0535 |      1.0000e-04 |

|       8 |        2880 |       00:03:52 |         0.20 |         0.32 |       0.0210 |       0.0503 |      1.0000e-04 |

|       8 |        2900 |       00:03:53 |         0.28 |              |       0.0385 |              |      1.0000e-04 |

|       9 |        2910 |       00:03:55 |         0.24 |         0.30 |       0.0280 |       0.0464 |      1.0000e-04 |

|       9 |        2940 |       00:03:58 |         0.41 |         0.37 |       0.0828 |       0.0668 |      1.0000e-04 |

|       9 |        2950 |       00:03:58 |         0.17 |              |       0.0148 |              |      1.0000e-04 |

|       9 |        2970 |       00:04:01 |         0.19 |         0.35 |       0.0172 |       0.0602 |      1.0000e-04 |

|       9 |        3000 |       00:04:03 |         0.20 |         0.29 |       0.0209 |       0.0426 |      1.0000e-04 |

|       9 |        3030 |       00:04:05 |         0.19 |         0.32 |       0.0175 |       0.0524 |      1.0000e-04 |

|       9 |        3050 |       00:04:06 |         0.16 |              |       0.0130 |              |      1.0000e-04 |

|       9 |        3060 |       00:04:07 |         0.26 |         0.33 |       0.0342 |       0.0558 |      1.0000e-04 |

|       9 |        3090 |       00:04:09 |         0.24 |         0.37 |       0.0300 |       0.0690 |      1.0000e-04 |

|       9 |        3100 |       00:04:09 |         0.15 |              |       0.0118 |              |      1.0000e-04 |

|       9 |        3120 |       00:04:11 |         0.22 |         0.36 |       0.0243 |       0.0635 |      1.0000e-04 |

|       9 |        3150 |       00:04:13 |         0.21 |         0.32 |       0.0227 |       0.0527 |      1.0000e-04 |

|       9 |        3180 |       00:04:16 |         0.24 |         0.50 |       0.0295 |       0.1243 |      1.0000e-04 |

|       9 |        3200 |       00:04:17 |         0.18 |              |       0.0159 |              |      1.0000e-04 |

|       9 |        3210 |       00:04:19 |         0.18 |         0.30 |       0.0165 |       0.0437 |      1.0000e-04 |

|       9 |        3240 |       00:04:22 |         0.18 |         0.30 |       0.0163 |       0.0456 |      1.0000e-04 |

|       9 |        3250 |       00:04:23 |         0.18 |              |       0.0167 |              |      1.0000e-04 |

|      10 |        3270 |       00:04:25 |         0.14 |         0.35 |       0.0103 |       0.0601 |      1.0000e-04 |

|      10 |        3300 |       00:04:27 |         0.17 |         0.28 |       0.0152 |       0.0382 |      1.0000e-04 |

|      10 |        3330 |       00:04:29 |         0.21 |         0.30 |       0.0221 |       0.0451 |      1.0000e-04 |

|      10 |        3350 |       00:04:30 |         0.16 |              |       0.0121 |              |      1.0000e-04 |

|      10 |        3360 |       00:04:31 |         0.15 |         0.36 |       0.0119 |       0.0647 |      1.0000e-04 |

|      10 |        3390 |       00:04:33 |         0.23 |         0.29 |       0.0275 |       0.0411 |      1.0000e-04 |

|      10 |        3400 |       00:04:34 |         0.20 |              |       0.0202 |              |      1.0000e-04 |

|      10 |        3420 |       00:04:36 |         0.20 |         0.29 |       0.0208 |       0.0414 |      1.0000e-04 |

|      10 |        3450 |       00:04:39 |         0.23 |         0.40 |       0.0272 |       0.0806 |      1.0000e-04 |

|      10 |        3480 |       00:04:42 |         0.25 |         0.42 |       0.0310 |       0.0882 |      1.0000e-04 |

|      10 |        3500 |       00:04:43 |         0.22 |              |       0.0235 |              |      1.0000e-04 |

|      10 |        3510 |       00:04:45 |         0.21 |         0.31 |       0.0218 |       0.0482 |      1.0000e-04 |

|      10 |        3540 |       00:04:48 |         0.18 |         0.33 |       0.0156 |       0.0547 |      1.0000e-04 |

|      10 |        3550 |       00:04:49 |         0.27 |              |       0.0361 |              |      1.0000e-04 |

|      10 |        3570 |       00:04:51 |         0.25 |         0.33 |       0.0313 |       0.0560 |      1.0000e-04 |

|      10 |        3600 |       00:04:54 |         0.22 |         0.26 |       0.0249 |       0.0328 |      1.0000e-04 |

|      10 |        3630 |       00:04:58 |         0.26 |         0.31 |       0.0330 |       0.0485 |      1.0000e-04 |

|      11 |        3650 |       00:04:59 |         0.20 |              |       0.0197 |              |      1.0000e-04 |

|      11 |        3660 |       00:05:01 |         0.15 |         0.30 |       0.0107 |       0.0449 |      1.0000e-04 |

|      11 |        3690 |       00:05:04 |         0.17 |         0.35 |       0.0153 |       0.0623 |      1.0000e-04 |

|      11 |        3700 |       00:05:04 |         0.14 |              |       0.0095 |              |      1.0000e-04 |

|      11 |        3720 |       00:05:07 |         0.96 |         0.35 |       0.4656 |       0.0605 |      1.0000e-04 |

|      11 |        3750 |       00:05:10 |         0.18 |         0.48 |       0.0157 |       0.1141 |      1.0000e-04 |

|      11 |        3780 |       00:05:13 |         0.22 |         0.30 |       0.0242 |       0.0441 |      1.0000e-04 |

|      11 |        3800 |       00:05:14 |         0.35 |              |       0.0625 |              |      1.0000e-04 |

|      11 |        3810 |       00:05:16 |         0.28 |         0.29 |       0.0385 |       0.0428 |      1.0000e-04 |

|      11 |        3840 |       00:05:18 |         0.23 |         0.40 |       0.0262 |       0.0793 |      1.0000e-04 |

|      11 |        3850 |       00:05:18 |         0.16 |              |       0.0129 |              |      1.0000e-04 |

|      11 |        3870 |       00:05:20 |         0.13 |         0.27 |       0.0086 |       0.0353 |      1.0000e-04 |

|      11 |        3900 |       00:05:22 |         0.26 |         0.35 |       0.0328 |       0.0627 |      1.0000e-04 |

|      11 |        3930 |       00:05:24 |         0.22 |         0.30 |       0.0245 |       0.0460 |      1.0000e-04 |

|      11 |        3950 |       00:05:25 |         0.20 |              |       0.0199 |              |      1.0000e-04 |

|      11 |        3960 |       00:05:27 |         0.17 |         0.31 |       0.0146 |       0.0487 |      1.0000e-04 |

|      11 |        3990 |       00:05:29 |         0.18 |         0.31 |       0.0161 |       0.0484 |      1.0000e-04 |

|      12 |        4000 |       00:05:30 |         0.18 |              |       0.0170 |              |      1.0000e-04 |

|      12 |        4020 |       00:05:33 |         0.19 |         0.27 |       0.0182 |       0.0352 |      1.0000e-04 |

|      12 |        4050 |       00:05:36 |         0.16 |         0.31 |       0.0131 |       0.0481 |      1.0000e-04 |

|      12 |        4080 |       00:05:39 |         0.14 |         0.33 |       0.0103 |       0.0534 |      1.0000e-04 |

|      12 |        4100 |       00:05:40 |         0.20 |              |       0.0195 |              |      1.0000e-04 |

|      12 |        4110 |       00:05:42 |         0.25 |         0.27 |       0.0321 |       0.0366 |      1.0000e-04 |

|      12 |        4140 |       00:05:45 |         0.15 |         0.35 |       0.0117 |       0.0622 |      1.0000e-04 |

|      12 |        4150 |       00:05:45 |         0.15 |              |       0.0108 |              |      1.0000e-04 |

|      12 |        4170 |       00:05:48 |         0.12 |         0.38 |       0.0073 |       0.0722 |      1.0000e-04 |

|      12 |        4200 |       00:05:51 |         0.15 |         0.28 |       0.0110 |       0.0397 |      1.0000e-04 |

|      12 |        4230 |       00:05:54 |         0.19 |         0.28 |       0.0189 |       0.0390 |      1.0000e-04 |

|      12 |        4250 |       00:05:55 |         0.19 |              |       0.0179 |              |      1.0000e-04 |

|      12 |        4260 |       00:05:57 |         0.25 |         0.26 |       0.0321 |       0.0350 |      1.0000e-04 |

|      12 |        4290 |       00:06:00 |         0.15 |         0.26 |       0.0119 |       0.0349 |      1.0000e-04 |

|      12 |        4300 |       00:06:00 |         0.17 |              |       0.0148 |              |      1.0000e-04 |

|      12 |        4320 |       00:06:03 |         0.13 |         0.26 |       0.0082 |       0.0337 |      1.0000e-04 |

|      12 |        4350 |       00:06:06 |         0.16 |         0.29 |       0.0134 |       0.0428 |      1.0000e-04 |

|      13 |        4380 |       00:06:09 |         0.17 |         0.41 |       0.0146 |       0.0821 |      1.0000e-04 |

|      13 |        4400 |       00:06:10 |         0.15 |              |       0.0112 |              |      1.0000e-04 |

|      13 |        4410 |       00:06:12 |         0.17 |         0.34 |       0.0139 |       0.0562 |      1.0000e-04 |

|      13 |        4440 |       00:06:15 |         0.18 |         0.38 |       0.0160 |       0.0716 |      1.0000e-04 |

|      13 |        4450 |       00:06:16 |         0.20 |              |       0.0202 |              |      1.0000e-04 |

|      13 |        4470 |       00:06:18 |         0.19 |         0.33 |       0.0183 |       0.0553 |      1.0000e-04 |

|      13 |        4500 |       00:06:21 |         0.15 |         0.24 |       0.0114 |       0.0291 |      1.0000e-04 |

|      13 |        4530 |       00:06:24 |         0.19 |         0.25 |       0.0187 |       0.0310 |      1.0000e-04 |

|      13 |        4550 |       00:06:26 |         0.23 |              |       0.0253 |              |      1.0000e-04 |

|      13 |        4560 |       00:06:27 |         0.19 |         0.30 |       0.0186 |       0.0436 |      1.0000e-04 |

|      13 |        4590 |       00:06:30 |         0.14 |         0.43 |       0.0097 |       0.0937 |      1.0000e-04 |

|      13 |        4600 |       00:06:31 |         0.17 |              |       0.0137 |              |      1.0000e-04 |

|      13 |        4620 |       00:06:33 |         0.14 |         0.24 |       0.0091 |       0.0300 |      1.0000e-04 |

|      13 |        4650 |       00:06:36 |         0.22 |         0.28 |       0.0237 |       0.0387 |      1.0000e-04 |

|      13 |        4680 |       00:06:40 |         0.20 |         0.40 |       0.0210 |       0.0806 |      1.0000e-04 |

|      13 |        4700 |       00:06:41 |         0.14 |              |       0.0104 |              |      1.0000e-04 |

|      13 |        4710 |       00:06:43 |         0.19 |         0.31 |       0.0187 |       0.0482 |      1.0000e-04 |

|      14 |        4740 |       00:06:46 |         0.13 |         0.28 |       0.0081 |       0.0391 |      1.0000e-04 |

|      14 |        4750 |       00:06:46 |         0.18 |              |       0.0162 |              |      1.0000e-04 |

|      14 |        4770 |       00:06:49 |         0.38 |         0.46 |       0.0703 |       0.1042 |      1.0000e-04 |

|      14 |        4800 |       00:06:52 |         0.12 |         0.36 |       0.0072 |       0.0635 |      1.0000e-04 |

|      14 |        4830 |       00:06:55 |         0.14 |         0.24 |       0.0091 |       0.0281 |      1.0000e-04 |

|      14 |        4850 |       00:06:56 |         0.20 |              |       0.0190 |              |      1.0000e-04 |

|      14 |        4860 |       00:06:58 |         0.27 |         0.27 |       0.0364 |       0.0357 |      1.0000e-04 |

|      14 |        4890 |       00:07:01 |         0.12 |         0.30 |       0.0067 |       0.0456 |      1.0000e-04 |

|      14 |        4900 |       00:07:02 |         0.16 |              |       0.0123 |              |      1.0000e-04 |

|      14 |        4920 |       00:07:04 |         0.17 |         0.29 |       0.0151 |       0.0409 |      1.0000e-04 |

|      14 |        4950 |       00:07:07 |         0.20 |         0.37 |       0.0196 |       0.0681 |      1.0000e-04 |

|      14 |        4980 |       00:07:10 |         0.13 |         0.32 |       0.0083 |       0.0519 |      1.0000e-04 |

|      14 |        5000 |       00:07:11 |         0.16 |              |       0.0127 |              |      1.0000e-04 |

|      14 |        5010 |       00:07:13 |         0.15 |         0.26 |       0.0116 |       0.0327 |      1.0000e-04 |

|      14 |        5040 |       00:07:15 |         0.21 |         0.26 |       0.0218 |       0.0351 |      1.0000e-04 |

|      14 |        5050 |       00:07:15 |         0.19 |              |       0.0179 |              |      1.0000e-04 |

|      14 |        5070 |       00:07:17 |         0.18 |         0.27 |       0.0154 |       0.0363 |      1.0000e-04 |

|      15 |        5100 |       00:07:19 |         0.22 |         0.25 |       0.0252 |       0.0320 |      1.0000e-04 |

|      15 |        5130 |       00:07:21 |         0.22 |         0.26 |       0.0231 |       0.0340 |      1.0000e-04 |

|      15 |        5150 |       00:07:23 |         0.17 |              |       0.0153 |              |      1.0000e-04 |

|      15 |        5160 |       00:07:24 |         0.21 |         0.28 |       0.0223 |       0.0393 |      1.0000e-04 |

|      15 |        5190 |       00:07:28 |         0.17 |         0.25 |       0.0137 |       0.0308 |      1.0000e-04 |

|      15 |        5200 |       00:07:28 |         0.13 |              |       0.0086 |              |      1.0000e-04 |

|      15 |        5220 |       00:07:31 |         0.12 |         0.21 |       0.0072 |       0.0214 |      1.0000e-04 |

|      15 |        5250 |       00:07:34 |         0.18 |         0.26 |       0.0156 |       0.0342 |      1.0000e-04 |

|      15 |        5280 |       00:07:37 |         0.17 |         0.43 |       0.0151 |       0.0925 |      1.0000e-04 |

|      15 |        5300 |       00:07:38 |         0.16 |              |       0.0135 |              |      1.0000e-04 |

|      15 |        5310 |       00:07:40 |         0.19 |         0.36 |       0.0173 |       0.0631 |      1.0000e-04 |

|      15 |        5340 |       00:07:43 |         0.19 |         0.23 |       0.0173 |       0.0270 |      1.0000e-04 |

|      15 |        5350 |       00:07:44 |         0.15 |              |       0.0114 |              |      1.0000e-04 |

|      15 |        5370 |       00:07:46 |         0.16 |         0.24 |       0.0125 |       0.0285 |      1.0000e-04 |

|      15 |        5400 |       00:07:49 |         0.18 |         0.25 |       0.0156 |       0.0301 |      1.0000e-04 |

|      15 |        5430 |       00:07:52 |         0.15 |         0.25 |       0.0114 |       0.0301 |      1.0000e-04 |

|      16 |        5450 |       00:07:54 |         0.12 |              |       0.0074 |              |      1.0000e-04 |

|      16 |        5460 |       00:07:55 |         0.11 |         0.24 |       0.0064 |       0.0291 |      1.0000e-04 |

|      16 |        5490 |       00:07:59 |         0.16 |         0.28 |       0.0121 |       0.0405 |      1.0000e-04 |

|      16 |        5500 |       00:07:59 |         0.17 |              |       0.0139 |              |      1.0000e-04 |

|      16 |        5520 |       00:08:02 |         0.26 |         0.43 |       0.0333 |       0.0933 |      1.0000e-04 |

|      16 |        5550 |       00:08:05 |         0.14 |         0.54 |       0.0094 |       0.1471 |      1.0000e-04 |

|      16 |        5580 |       00:08:08 |         0.16 |         0.33 |       0.0133 |       0.0557 |      1.0000e-04 |

|      16 |        5600 |       00:08:09 |         0.17 |              |       0.0144 |              |      1.0000e-04 |

|      16 |        5610 |       00:08:11 |         0.13 |         0.33 |       0.0082 |       0.0544 |      1.0000e-04 |

|      16 |        5640 |       00:08:14 |         0.15 |         0.32 |       0.0119 |       0.0525 |      1.0000e-04 |

|      16 |        5650 |       00:08:14 |         0.17 |              |       0.0142 |              |      1.0000e-04 |

|      16 |        5670 |       00:08:17 |         0.16 |         0.28 |       0.0122 |       0.0381 |      1.0000e-04 |

|      16 |        5700 |       00:08:20 |         0.16 |         0.26 |       0.0120 |       0.0332 |      1.0000e-04 |

|      16 |        5730 |       00:08:23 |         0.15 |         0.28 |       0.0111 |       0.0380 |      1.0000e-04 |

|      16 |        5750 |       00:08:24 |         0.14 |              |       0.0098 |              |      1.0000e-04 |

|      16 |        5760 |       00:08:26 |         0.17 |         0.34 |       0.0146 |       0.0571 |      1.0000e-04 |

|      16 |        5790 |       00:08:29 |         0.31 |         0.39 |       0.0494 |       0.0745 |      1.0000e-04 |

|      16 |        5800 |       00:08:30 |         0.82 |              |       0.3336 |              |      1.0000e-04 |

|      17 |        5820 |       00:08:32 |         0.16 |         0.37 |       0.0128 |       0.0670 |      1.0000e-04 |

|      17 |        5850 |       00:08:35 |         0.16 |         0.25 |       0.0122 |       0.0301 |      1.0000e-04 |

|      17 |        5880 |       00:08:38 |         0.11 |         0.22 |       0.0064 |       0.0246 |      1.0000e-04 |

|      17 |        5900 |       00:08:39 |         0.14 |              |       0.0093 |              |      1.0000e-04 |

|      17 |        5910 |       00:08:41 |         0.13 |         0.24 |       0.0085 |       0.0288 |      1.0000e-04 |

|      17 |        5940 |       00:08:44 |         0.29 |         0.26 |       0.0423 |       0.0327 |      1.0000e-04 |

|      17 |        5950 |       00:08:45 |         0.13 |              |       0.0086 |              |      1.0000e-04 |

|      17 |        5970 |       00:08:47 |         0.10 |         0.26 |       0.0049 |       0.0340 |      1.0000e-04 |

|      17 |        6000 |       00:08:50 |         0.11 |         0.23 |       0.0062 |       0.0258 |      1.0000e-04 |

|      17 |        6030 |       00:08:53 |         0.15 |         0.23 |       0.0112 |       0.0273 |      1.0000e-04 |

|      17 |        6050 |       00:08:55 |         0.12 |              |       0.0075 |              |      1.0000e-04 |

|      17 |        6060 |       00:08:56 |         0.13 |         0.26 |       0.0084 |       0.0331 |      1.0000e-04 |

|      17 |        6090 |       00:08:59 |         0.18 |         0.23 |       0.0160 |       0.0267 |      1.0000e-04 |

|      17 |        6100 |       00:09:00 |         0.24 |              |       0.0278 |              |      1.0000e-04 |

|      17 |        6120 |       00:09:02 |         0.15 |         0.22 |       0.0107 |       0.0251 |      1.0000e-04 |

|      17 |        6150 |       00:09:05 |         0.16 |         0.24 |       0.0135 |       0.0295 |      1.0000e-04 |

|      18 |        6180 |       00:09:08 |         0.13 |         0.21 |       0.0088 |       0.0222 |      1.0000e-04 |

|      18 |        6200 |       00:09:10 |         0.13 |              |       0.0078 |              |      1.0000e-04 |

|      18 |        6210 |       00:09:11 |         0.24 |         0.36 |       0.0295 |       0.0637 |      1.0000e-04 |

|      18 |        6240 |       00:09:14 |         0.18 |         0.25 |       0.0170 |       0.0323 |      1.0000e-04 |

|      18 |        6250 |       00:09:15 |         0.17 |              |       0.0142 |              |      1.0000e-04 |

|      18 |        6270 |       00:09:17 |         0.18 |         0.27 |       0.0155 |       0.0357 |      1.0000e-04 |

|      18 |        6300 |       00:09:21 |         0.21 |         0.24 |       0.0229 |       0.0288 |      1.0000e-04 |

|      18 |        6330 |       00:09:24 |         0.18 |         0.20 |       0.0154 |       0.0208 |      1.0000e-04 |

|      18 |        6350 |       00:09:25 |         0.09 |              |       0.0037 |              |      1.0000e-04 |

|      18 |        6360 |       00:09:27 |         0.17 |         0.22 |       0.0152 |       0.0252 |      1.0000e-04 |

|      18 |        6390 |       00:09:30 |         0.10 |         0.19 |       0.0050 |       0.0183 |      1.0000e-04 |

|      18 |        6400 |       00:09:30 |         0.19 |              |       0.0176 |              |      1.0000e-04 |

|      18 |        6420 |       00:09:33 |         0.11 |         0.25 |       0.0063 |       0.0301 |      1.0000e-04 |

|      18 |        6450 |       00:09:36 |         0.12 |         0.23 |       0.0066 |       0.0264 |      1.0000e-04 |

|      18 |        6480 |       00:09:39 |         0.14 |         0.25 |       0.0093 |       0.0311 |      1.0000e-04 |

|      18 |        6500 |       00:09:40 |         0.35 |              |       0.0624 |              |      1.0000e-04 |

|      18 |        6510 |       00:09:42 |         0.27 |         0.40 |       0.0353 |       0.0816 |      1.0000e-04 |

|      19 |        6540 |       00:09:45 |         0.29 |         0.27 |       0.0427 |       0.0363 |      1.0000e-04 |

|      19 |        6550 |       00:09:45 |         0.46 |              |       0.1064 |              |      1.0000e-04 |

|      19 |        6570 |       00:09:47 |         0.18 |         0.38 |       0.0168 |       0.0716 |      1.0000e-04 |

|      19 |        6600 |       00:09:49 |         0.16 |         0.21 |       0.0132 |       0.0215 |      1.0000e-04 |

|      19 |        6630 |       00:09:50 |         0.14 |         0.30 |       0.0091 |       0.0443 |      1.0000e-04 |

|      19 |        6650 |       00:09:51 |         0.14 |              |       0.0104 |              |      1.0000e-04 |

|      19 |        6660 |       00:09:52 |         0.18 |         0.24 |       0.0171 |       0.0280 |      1.0000e-04 |

|      19 |        6690 |       00:09:54 |         0.13 |         0.27 |       0.0088 |       0.0378 |      1.0000e-04 |

|      19 |        6700 |       00:09:55 |         0.10 |              |       0.0051 |              |      1.0000e-04 |

|      19 |        6720 |       00:09:56 |         0.12 |         0.20 |       0.0071 |       0.0197 |      1.0000e-04 |

|      19 |        6750 |       00:09:58 |         0.16 |         0.25 |       0.0134 |       0.0321 |      1.0000e-04 |

|      19 |        6780 |       00:10:00 |         0.12 |         0.21 |       0.0067 |       0.0218 |      1.0000e-04 |

|      19 |        6800 |       00:10:01 |         0.15 |              |       0.0112 |              |      1.0000e-04 |

|      19 |        6810 |       00:10:02 |         0.18 |         0.22 |       0.0154 |       0.0244 |      1.0000e-04 |

|      19 |        6840 |       00:10:04 |         0.11 |         0.31 |       0.0064 |       0.0488 |      1.0000e-04 |

|      19 |        6850 |       00:10:04 |         0.19 |              |       0.0190 |              |      1.0000e-04 |

|      19 |        6870 |       00:10:06 |         0.13 |         0.21 |       0.0085 |       0.0227 |      1.0000e-04 |

|      20 |        6900 |       00:10:08 |         0.12 |         0.23 |       0.0067 |       0.0275 |      1.0000e-04 |

|      20 |        6930 |       00:10:11 |         0.16 |         0.23 |       0.0127 |       0.0271 |      1.0000e-04 |

|      20 |        6950 |       00:10:11 |         0.15 |              |       0.0107 |              |      1.0000e-04 |

|      20 |        6960 |       00:10:13 |         0.12 |         0.26 |       0.0069 |       0.0326 |      1.0000e-04 |

|      20 |        6990 |       00:10:15 |         0.14 |         0.22 |       0.0099 |       0.0239 |      1.0000e-04 |

|      20 |        7000 |       00:10:15 |         0.15 |              |       0.0109 |              |      1.0000e-04 |

|      20 |        7020 |       00:10:16 |         0.16 |         0.24 |       0.0135 |       0.0283 |      1.0000e-04 |

|      20 |        7050 |       00:10:18 |         0.16 |         0.26 |       0.0128 |       0.0329 |      1.0000e-04 |

|      20 |        7080 |       00:10:20 |         0.20 |         0.21 |       0.0203 |       0.0222 |      1.0000e-04 |

|      20 |        7100 |       00:10:21 |         0.15 |              |       0.0111 |              |      1.0000e-04 |

|      20 |        7110 |       00:10:22 |         0.16 |         0.26 |       0.0120 |       0.0338 |      1.0000e-04 |

|      20 |        7140 |       00:10:25 |         0.11 |         0.25 |       0.0059 |       0.0320 |      1.0000e-04 |

|      20 |        7150 |       00:10:26 |         0.17 |              |       0.0138 |              |      1.0000e-04 |

|      20 |        7170 |       00:10:28 |         0.12 |         0.21 |       0.0078 |       0.0215 |      1.0000e-04 |

|      20 |        7200 |       00:10:31 |         0.16 |         0.24 |       0.0127 |       0.0286 |      1.0000e-04 |

|      20 |        7230 |       00:10:34 |         0.14 |         0.22 |       0.0100 |       0.0246 |      1.0000e-04 |

|      20 |        7250 |       00:10:35 |         0.10 |              |       0.0055 |              |      1.0000e-04 |

|      20 |        7260 |       00:10:37 |         0.16 |         0.22 |       0.0131 |       0.0244 |      1.0000e-04 |

|      21 |        7290 |       00:10:40 |         0.13 |         0.27 |       0.0082 |       0.0356 |      1.0000e-04 |

|      21 |        7300 |       00:10:41 |         0.12 |              |       0.0068 |              |      1.0000e-04 |

|      21 |        7320 |       00:10:43 |         0.15 |         0.32 |       0.0116 |       0.0522 |      1.0000e-04 |

|      21 |        7350 |       00:10:46 |         0.17 |         0.23 |       0.0148 |       0.0274 |      1.0000e-04 |

|      21 |        7380 |       00:10:49 |         0.11 |         0.23 |       0.0060 |       0.0266 |      1.0000e-04 |

|      21 |        7400 |       00:10:50 |         0.13 |              |       0.0085 |              |      1.0000e-04 |

|      21 |        7410 |       00:10:52 |         0.15 |         0.20 |       0.0114 |       0.0204 |      1.0000e-04 |

|      21 |        7440 |       00:10:55 |         0.16 |         0.19 |       0.0125 |       0.0175 |      1.0000e-04 |

|      21 |        7450 |       00:10:56 |         0.18 |              |       0.0165 |              |      1.0000e-04 |

|      21 |        7470 |       00:10:58 |         0.11 |         0.22 |       0.0065 |       0.0247 |      1.0000e-04 |

|      21 |        7500 |       00:11:01 |         0.13 |         0.20 |       0.0079 |       0.0206 |      1.0000e-04 |

|      21 |        7530 |       00:11:04 |         0.12 |         0.22 |       0.0068 |       0.0242 |      1.0000e-04 |

|      21 |        7550 |       00:11:06 |         0.15 |              |       0.0114 |              |      1.0000e-04 |

|      21 |        7560 |       00:11:07 |         0.18 |         0.29 |       0.0163 |       0.0414 |      1.0000e-04 |

|      21 |        7590 |       00:11:10 |         0.13 |         0.33 |       0.0085 |       0.0554 |      1.0000e-04 |

|      21 |        7600 |       00:11:11 |         0.15 |              |       0.0111 |              |      1.0000e-04 |

|      21 |        7620 |       00:11:13 |         0.13 |         0.21 |       0.0081 |       0.0225 |      1.0000e-04 |

|      22 |        7650 |       00:11:16 |         0.10 |         0.21 |       0.0052 |       0.0223 |      1.0000e-04 |

|      22 |        7680 |       00:11:19 |         0.18 |         0.28 |       0.0167 |       0.0389 |      1.0000e-04 |

|      22 |        7700 |       00:11:21 |         0.18 |              |       0.0160 |              |      1.0000e-04 |

|      22 |        7710 |       00:11:22 |         0.13 |         0.24 |       0.0089 |       0.0293 |      1.0000e-04 |

|      22 |        7740 |       00:11:26 |         0.09 |         0.21 |       0.0044 |       0.0229 |      1.0000e-04 |

|      22 |        7750 |       00:11:26 |         0.14 |              |       0.0098 |              |      1.0000e-04 |

|      22 |        7770 |       00:11:29 |         0.18 |         0.27 |       0.0153 |       0.0359 |      1.0000e-04 |

|      22 |        7800 |       00:11:32 |         0.15 |         0.33 |       0.0107 |       0.0546 |      1.0000e-04 |

|      22 |        7830 |       00:11:35 |         0.16 |         0.23 |       0.0127 |       0.0267 |      1.0000e-04 |

|      22 |        7850 |       00:11:36 |         0.12 |              |       0.0068 |              |      1.0000e-04 |

|      22 |        7860 |       00:11:38 |         0.23 |         0.26 |       0.0255 |       0.0341 |      1.0000e-04 |

|      22 |        7890 |       00:11:41 |         0.15 |         0.23 |       0.0108 |       0.0262 |      1.0000e-04 |

|      22 |        7900 |       00:11:41 |         0.14 |              |       0.0097 |              |      1.0000e-04 |

|      22 |        7920 |       00:11:44 |         0.14 |         0.27 |       0.0098 |       0.0360 |      1.0000e-04 |

|      22 |        7950 |       00:11:46 |         0.34 |         0.44 |       0.0583 |       0.0971 |      1.0000e-04 |

|      22 |        7980 |       00:11:48 |         0.19 |         0.75 |       0.0189 |       0.2801 |      1.0000e-04 |

|      23 |        8000 |       00:11:49 |         0.12 |              |       0.0071 |              |      1.0000e-04 |

|      23 |        8010 |       00:11:50 |         0.12 |         0.73 |       0.0076 |       0.2674 |      1.0000e-04 |

|      23 |        8040 |       00:11:52 |         0.14 |         0.21 |       0.0093 |       0.0226 |      1.0000e-04 |

|      23 |        8050 |       00:11:52 |         0.12 |              |       0.0069 |              |      1.0000e-04 |

|      23 |        8070 |       00:11:54 |         0.13 |         0.28 |       0.0086 |       0.0384 |      1.0000e-04 |

|      23 |        8100 |       00:11:56 |         0.19 |         0.29 |       0.0186 |       0.0421 |      1.0000e-04 |

|      23 |        8130 |       00:11:58 |         0.11 |         0.30 |       0.0057 |       0.0443 |      1.0000e-04 |

|      23 |        8150 |       00:11:59 |         0.14 |              |       0.0101 |              |      1.0000e-04 |

|      23 |        8160 |       00:12:00 |         0.20 |         0.37 |       0.0205 |       0.0675 |      1.0000e-04 |

|      23 |        8190 |       00:12:02 |         0.14 |         0.28 |       0.0101 |       0.0406 |      1.0000e-04 |

|      23 |        8200 |       00:12:02 |         0.14 |              |       0.0101 |              |      1.0000e-04 |

|      23 |        8220 |       00:12:03 |         0.12 |         0.25 |       0.0067 |       0.0316 |      1.0000e-04 |

|      23 |        8250 |       00:12:05 |         0.15 |         0.21 |       0.0117 |       0.0215 |      1.0000e-04 |

|      23 |        8280 |       00:12:07 |         0.12 |         0.22 |       0.0069 |       0.0247 |      1.0000e-04 |

|      23 |        8300 |       00:12:08 |         0.13 |              |       0.0091 |              |      1.0000e-04 |

|      23 |        8310 |       00:12:09 |         0.12 |         0.22 |       0.0069 |       0.0250 |      1.0000e-04 |

|      23 |        8340 |       00:12:11 |         0.12 |         0.20 |       0.0071 |       0.0209 |      1.0000e-04 |

|      24 |        8350 |       00:12:12 |         0.12 |              |       0.0069 |              |      1.0000e-04 |

|      24 |        8370 |       00:12:13 |         0.10 |         0.26 |       0.0049 |       0.0339 |      1.0000e-04 |

|      24 |        8400 |       00:12:15 |         0.13 |         0.30 |       0.0084 |       0.0451 |      1.0000e-04 |

|      24 |        8430 |       00:12:17 |         0.15 |         0.22 |       0.0108 |       0.0252 |      1.0000e-04 |

|      24 |        8450 |       00:12:18 |         0.18 |              |       0.0164 |              |      1.0000e-04 |

|      24 |        8460 |       00:12:19 |         0.09 |         0.31 |       0.0044 |       0.0468 |      1.0000e-04 |

|      24 |        8490 |       00:12:21 |         0.14 |         0.22 |       0.0099 |       0.0251 |      1.0000e-04 |

|      24 |        8500 |       00:12:21 |         0.12 |              |       0.0073 |              |      1.0000e-04 |

|      24 |        8520 |       00:12:23 |         0.20 |         0.22 |       0.0197 |       0.0252 |      1.0000e-04 |

|      24 |        8550 |       00:12:25 |         0.12 |         0.25 |       0.0074 |       0.0310 |      1.0000e-04 |

|      24 |        8580 |       00:12:27 |         0.12 |         0.22 |       0.0069 |       0.0247 |      1.0000e-04 |

|      24 |        8600 |       00:12:27 |         0.16 |              |       0.0134 |              |      1.0000e-04 |

|      24 |        8610 |       00:12:28 |         0.18 |         0.21 |       0.0167 |       0.0214 |      1.0000e-04 |

|      24 |        8640 |       00:12:30 |         0.11 |         0.21 |       0.0065 |       0.0213 |      1.0000e-04 |

|      24 |        8650 |       00:12:31 |         0.11 |              |       0.0063 |              |      1.0000e-04 |

|      24 |        8670 |       00:12:32 |         0.12 |         0.24 |       0.0076 |       0.0278 |      1.0000e-04 |

|      24 |        8700 |       00:12:34 |         0.11 |         0.20 |       0.0062 |       0.0208 |      1.0000e-04 |

|      25 |        8730 |       00:12:36 |         0.14 |         0.35 |       0.0097 |       0.0608 |      1.0000e-04 |

|      25 |        8750 |       00:12:37 |         0.11 |              |       0.0059 |              |      1.0000e-04 |

|      25 |        8760 |       00:12:38 |         0.13 |         0.30 |       0.0084 |       0.0438 |      1.0000e-04 |

|      25 |        8790 |       00:12:40 |         0.27 |         0.23 |       0.0358 |       0.0274 |      1.0000e-04 |

|      25 |        8800 |       00:12:41 |         0.14 |              |       0.0095 |              |      1.0000e-04 |

|      25 |        8820 |       00:12:43 |         0.11 |         0.28 |       0.0065 |       0.0380 |      1.0000e-04 |

|      25 |        8850 |       00:12:46 |         0.09 |         0.23 |       0.0040 |       0.0273 |      1.0000e-04 |

|      25 |        8880 |       00:12:49 |         0.12 |         0.24 |       0.0078 |       0.0292 |      1.0000e-04 |

|      25 |        8900 |       00:12:50 |         0.13 |              |       0.0078 |              |      1.0000e-04 |

|      25 |        8910 |       00:12:52 |         0.10 |         0.24 |       0.0052 |       0.0284 |      1.0000e-04 |

|      25 |        8940 |       00:12:55 |         0.16 |         0.21 |       0.0135 |       0.0213 |      1.0000e-04 |

|      25 |        8950 |       00:12:56 |         0.16 |              |       0.0124 |              |      1.0000e-04 |

|      25 |        8970 |       00:12:58 |         0.16 |         0.30 |       0.0136 |       0.0458 |      1.0000e-04 |

|      25 |        9000 |       00:13:01 |         0.15 |         0.41 |       0.0115 |       0.0845 |      1.0000e-04 |

|      25 |        9030 |       00:13:04 |         0.10 |         0.60 |       0.0046 |       0.1807 |      1.0000e-04 |

|      25 |        9050 |       00:13:05 |         0.15 |              |       0.0112 |              |      1.0000e-04 |

|      25 |        9060 |       00:13:07 |         0.12 |         0.60 |       0.0076 |       0.1827 |      1.0000e-04 |

|      26 |        9090 |       00:13:10 |         0.21 |         0.21 |       0.0230 |       0.0216 |      1.0000e-04 |

|      26 |        9100 |       00:13:11 |         0.24 |              |       0.0292 |              |      1.0000e-04 |

|      26 |        9120 |       00:13:13 |         0.17 |         0.19 |       0.0139 |       0.0183 |      1.0000e-04 |

|      26 |        9150 |       00:13:16 |         0.18 |         0.27 |       0.0167 |       0.0355 |      1.0000e-04 |

|      26 |        9180 |       00:13:19 |         0.15 |         0.21 |       0.0117 |       0.0213 |      1.0000e-04 |

|      26 |        9200 |       00:13:20 |         0.13 |              |       0.0083 |              |      1.0000e-04 |

|      26 |        9210 |       00:13:22 |         0.11 |         0.23 |       0.0058 |       0.0254 |      1.0000e-04 |

|      26 |        9240 |       00:13:25 |         0.11 |         0.21 |       0.0058 |       0.0212 |      1.0000e-04 |

|      26 |        9250 |       00:13:26 |         0.17 |              |       0.0140 |              |      1.0000e-04 |

|      26 |        9270 |       00:13:28 |         0.11 |         0.24 |       0.0060 |       0.0277 |      1.0000e-04 |

|      26 |        9300 |       00:13:30 |         0.12 |         0.20 |       0.0068 |       0.0203 |      1.0000e-04 |

|      26 |        9330 |       00:13:32 |         0.10 |         0.23 |       0.0047 |       0.0261 |      1.0000e-04 |

|      26 |        9350 |       00:13:33 |         0.16 |              |       0.0135 |              |      1.0000e-04 |

|      26 |        9360 |       00:13:34 |         0.15 |         0.39 |       0.0108 |       0.0768 |      1.0000e-04 |

|      26 |        9390 |       00:13:36 |         0.09 |         0.19 |       0.0044 |       0.0183 |      1.0000e-04 |

|      26 |        9400 |       00:13:37 |         0.16 |              |       0.0122 |              |      1.0000e-04 |

|      26 |        9420 |       00:13:38 |         0.12 |         0.21 |       0.0069 |       0.0217 |      1.0000e-04 |

|      27 |        9450 |       00:13:40 |         0.12 |         0.26 |       0.0074 |       0.0335 |      1.0000e-04 |

|      27 |        9480 |       00:13:42 |         0.11 |         0.21 |       0.0055 |       0.0215 |      1.0000e-04 |

|      27 |        9500 |       00:13:42 |         0.10 |              |       0.0049 |              |      1.0000e-04 |

|      27 |        9510 |       00:13:44 |         0.12 |         0.23 |       0.0070 |       0.0269 |      1.0000e-04 |

|      27 |        9540 |       00:13:46 |         0.12 |         0.23 |       0.0069 |       0.0264 |      1.0000e-04 |

|      27 |        9550 |       00:13:46 |         0.12 |              |       0.0074 |              |      1.0000e-04 |

|      27 |        9570 |       00:13:48 |         0.11 |         0.28 |       0.0055 |       0.0394 |      1.0000e-04 |

|      27 |        9600 |       00:13:49 |         0.12 |         0.26 |       0.0073 |       0.0337 |      1.0000e-04 |

|      27 |        9630 |       00:13:51 |         0.13 |         0.27 |       0.0089 |       0.0351 |      1.0000e-04 |

|      27 |        9650 |       00:13:52 |         0.11 |              |       0.0066 |              |      1.0000e-04 |

|      27 |        9660 |       00:13:53 |         0.36 |         0.26 |       0.0645 |       0.0338 |      1.0000e-04 |

|      27 |        9690 |       00:13:55 |         0.12 |         0.50 |       0.0069 |       0.1241 |      1.0000e-04 |

|      27 |        9700 |       00:13:56 |         0.10 |              |       0.0049 |              |      1.0000e-04 |

|      27 |        9720 |       00:13:57 |         0.14 |         0.57 |       0.0096 |       0.1641 |      1.0000e-04 |

|      27 |        9750 |       00:13:59 |         0.18 |         0.37 |       0.0158 |       0.0676 |      1.0000e-04 |

|      27 |        9780 |       00:14:01 |         0.11 |         0.36 |       0.0059 |       0.0651 |      1.0000e-04 |

|      27 |        9800 |       00:14:02 |         0.13 |              |       0.0087 |              |      1.0000e-04 |

|      28 |        9810 |       00:14:03 |         0.17 |         0.28 |       0.0137 |       0.0388 |      1.0000e-04 |

|      28 |        9840 |       00:14:05 |         0.11 |         0.24 |       0.0057 |       0.0280 |      1.0000e-04 |

|      28 |        9850 |       00:14:06 |         0.12 |              |       0.0068 |              |      1.0000e-04 |

|      28 |        9870 |       00:14:07 |         0.10 |         0.19 |       0.0048 |       0.0180 |      1.0000e-04 |

|      28 |        9900 |       00:14:09 |         0.11 |         0.32 |       0.0063 |       0.0505 |      1.0000e-04 |

|      28 |        9930 |       00:14:11 |         0.11 |         0.26 |       0.0060 |       0.0342 |      1.0000e-04 |

|      28 |        9950 |       00:14:12 |         0.19 |              |       0.0186 |              |      1.0000e-04 |

|      28 |        9960 |       00:14:13 |         0.12 |         0.20 |       0.0070 |       0.0207 |      1.0000e-04 |

|      28 |        9990 |       00:14:15 |         0.16 |         0.23 |       0.0130 |       0.0276 |      1.0000e-04 |

|      28 |       10000 |       00:14:15 |         0.14 |              |       0.0092 |              |      1.0000e-04 |

|      28 |       10020 |       00:14:17 |         0.14 |         0.27 |       0.0096 |       0.0362 |      1.0000e-04 |

|      28 |       10050 |       00:14:19 |         0.14 |         0.24 |       0.0096 |       0.0284 |      1.0000e-04 |

|      28 |       10080 |       00:14:20 |         0.13 |         0.21 |       0.0090 |       0.0229 |      1.0000e-04 |

|      28 |       10100 |       00:14:21 |         0.13 |              |       0.0086 |              |      1.0000e-04 |

|      28 |       10110 |       00:14:22 |         0.11 |         0.20 |       0.0059 |       0.0209 |      1.0000e-04 |

|      28 |       10140 |       00:14:24 |         0.12 |         0.23 |       0.0075 |       0.0254 |      1.0000e-04 |

|      28 |       10150 |       00:14:25 |         0.10 |              |       0.0048 |              |      1.0000e-04 |

|      29 |       10170 |       00:14:26 |         0.08 |         0.20 |       0.0030 |       0.0194 |      1.0000e-04 |

|      29 |       10200 |       00:14:28 |         0.09 |         0.28 |       0.0040 |       0.0396 |      1.0000e-04 |

|      29 |       10230 |       00:14:30 |         0.28 |         0.43 |       0.0387 |       0.0904 |      1.0000e-04 |

|      29 |       10250 |       00:14:31 |         0.10 |              |       0.0047 |              |      1.0000e-04 |

|      29 |       10260 |       00:14:32 |         0.11 |         0.24 |       0.0064 |       0.0296 |      1.0000e-04 |

|      29 |       10290 |       00:14:33 |         0.13 |         0.20 |       0.0085 |       0.0209 |      1.0000e-04 |

|      29 |       10300 |       00:14:34 |         0.14 |              |       0.0102 |              |      1.0000e-04 |

|      29 |       10320 |       00:14:35 |         0.10 |         0.23 |       0.0054 |       0.0264 |      1.0000e-04 |

|      29 |       10350 |       00:14:37 |         0.13 |         0.26 |       0.0085 |       0.0326 |      1.0000e-04 |

|      29 |       10380 |       00:14:39 |         0.13 |         0.23 |       0.0090 |       0.0273 |      1.0000e-04 |

|      29 |       10400 |       00:14:40 |         0.14 |              |       0.0100 |              |      1.0000e-04 |

|      29 |       10410 |       00:14:41 |         0.11 |         0.23 |       0.0057 |       0.0271 |      1.0000e-04 |

|      29 |       10440 |       00:14:43 |         0.14 |         0.20 |       0.0095 |       0.0207 |      1.0000e-04 |

|      29 |       10450 |       00:14:44 |         0.13 |              |       0.0083 |              |      1.0000e-04 |

|      29 |       10470 |       00:14:46 |         0.35 |         0.27 |       0.0606 |       0.0371 |      1.0000e-04 |

|      29 |       10500 |       00:14:50 |         0.12 |         0.20 |       0.0073 |       0.0191 |      1.0000e-04 |

|      30 |       10530 |       00:14:53 |         0.11 |         0.23 |       0.0062 |       0.0259 |      1.0000e-04 |

|      30 |       10550 |       00:14:54 |         0.12 |              |       0.0069 |              |      1.0000e-04 |

|      30 |       10560 |       00:14:56 |         0.10 |         0.20 |       0.0054 |       0.0191 |      1.0000e-04 |

|      30 |       10590 |       00:14:59 |         0.10 |         0.22 |       0.0051 |       0.0237 |      1.0000e-04 |

|      30 |       10600 |       00:14:59 |         0.10 |              |       0.0053 |              |      1.0000e-04 |

|      30 |       10620 |       00:15:02 |         0.08 |         0.33 |       0.0034 |       0.0539 |      1.0000e-04 |

|      30 |       10650 |       00:15:05 |         0.14 |         0.19 |       0.0096 |       0.0187 |      1.0000e-04 |

|      30 |       10680 |       00:15:08 |         0.10 |         0.18 |       0.0048 |       0.0168 |      1.0000e-04 |

|      30 |       10700 |       00:15:09 |         0.10 |              |       0.0051 |              |      1.0000e-04 |

|      30 |       10710 |       00:15:11 |         0.09 |         0.25 |       0.0040 |       0.0322 |      1.0000e-04 |

|      30 |       10740 |       00:15:14 |         0.18 |         0.23 |       0.0158 |       0.0267 |      1.0000e-04 |

|      30 |       10750 |       00:15:15 |         0.19 |              |       0.0174 |              |      1.0000e-04 |

|      30 |       10770 |       00:15:17 |         0.10 |         0.23 |       0.0048 |       0.0256 |      1.0000e-04 |

|      30 |       10800 |       00:15:20 |         0.13 |         0.23 |       0.0089 |       0.0276 |      1.0000e-04 |

|      30 |       10830 |       00:15:23 |         0.17 |         0.21 |       0.0149 |       0.0229 |      1.0000e-04 |

|      30 |       10850 |       00:15:24 |         0.12 |              |       0.0068 |              |      1.0000e-04 |

|      30 |       10860 |       00:15:26 |         0.11 |         0.25 |       0.0062 |       0.0308 |      1.0000e-04 |

|      30 |       10890 |       00:15:29 |         0.12 |         0.30 |       0.0067 |       0.0453 |      1.0000e-04 |

|      31 |       10900 |       00:15:30 |         0.10 |              |       0.0055 |              |      1.0000e-04 |

|      31 |       10920 |       00:15:32 |         0.12 |         0.23 |       0.0072 |       0.0271 |      1.0000e-04 |

|      31 |       10950 |       00:15:35 |         0.08 |         0.23 |       0.0033 |       0.0254 |      1.0000e-04 |

|      31 |       10980 |       00:15:38 |         0.18 |         0.49 |       0.0164 |       0.1225 |      1.0000e-04 |

|      31 |       11000 |       00:15:40 |         0.19 |              |       0.0173 |              |      1.0000e-04 |

|      31 |       11010 |       00:15:41 |         0.14 |         0.39 |       0.0105 |       0.0748 |      1.0000e-04 |

|      31 |       11040 |       00:15:44 |         0.10 |         0.21 |       0.0049 |       0.0213 |      1.0000e-04 |

|      31 |       11050 |       00:15:45 |         0.13 |              |       0.0078 |              |      1.0000e-04 |

|      31 |       11070 |       00:15:47 |         0.12 |         0.24 |       0.0068 |       0.0293 |      1.0000e-04 |

|      31 |       11100 |       00:15:51 |         0.09 |         0.20 |       0.0041 |       0.0202 |      1.0000e-04 |

|      31 |       11130 |       00:15:54 |         0.11 |         0.21 |       0.0062 |       0.0210 |      1.0000e-04 |

|      31 |       11150 |       00:15:55 |         0.09 |              |       0.0038 |              |      1.0000e-04 |

|      31 |       11160 |       00:15:57 |         0.12 |         0.20 |       0.0078 |       0.0196 |      1.0000e-04 |

|      31 |       11190 |       00:16:00 |         0.09 |         0.33 |       0.0041 |       0.0544 |      1.0000e-04 |

|      31 |       11200 |       00:16:00 |         0.10 |              |       0.0050 |              |      1.0000e-04 |

|      31 |       11220 |       00:16:03 |         0.14 |         0.20 |       0.0101 |       0.0197 |      1.0000e-04 |

|      31 |       11250 |       00:16:06 |         0.15 |         0.24 |       0.0115 |       0.0286 |      1.0000e-04 |

|      32 |       11280 |       00:16:09 |         0.08 |         0.18 |       0.0032 |       0.0166 |      1.0000e-04 |

|      32 |       11300 |       00:16:10 |         0.08 |              |       0.0034 |              |      1.0000e-04 |

|      32 |       11310 |       00:16:12 |         0.11 |         0.18 |       0.0057 |       0.0155 |      1.0000e-04 |

|      32 |       11340 |       00:16:15 |         0.11 |         0.21 |       0.0059 |       0.0216 |      1.0000e-04 |

|      32 |       11350 |       00:16:16 |         0.11 |              |       0.0059 |              |      1.0000e-04 |

|      32 |       11370 |       00:16:18 |         0.15 |         0.46 |       0.0119 |       0.1043 |      1.0000e-04 |

|      32 |       11400 |       00:16:21 |         0.10 |         0.35 |       0.0049 |       0.0612 |      1.0000e-04 |

|      32 |       11430 |       00:16:24 |         0.12 |         0.19 |       0.0070 |       0.0172 |      1.0000e-04 |

|      32 |       11450 |       00:16:25 |         0.14 |              |       0.0100 |              |      1.0000e-04 |

|      32 |       11460 |       00:16:27 |         0.08 |         0.20 |       0.0030 |       0.0204 |      1.0000e-04 |

|      32 |       11490 |       00:16:30 |         0.09 |         0.27 |       0.0044 |       0.0352 |      1.0000e-04 |

|      32 |       11500 |       00:16:31 |         0.11 |              |       0.0065 |              |      1.0000e-04 |

|      32 |       11520 |       00:16:33 |         0.15 |         0.22 |       0.0117 |       0.0248 |      1.0000e-04 |

|      32 |       11550 |       00:16:36 |         0.10 |         0.18 |       0.0049 |       0.0162 |      1.0000e-04 |

|      32 |       11580 |       00:16:39 |         0.12 |         0.20 |       0.0072 |       0.0192 |      1.0000e-04 |

|      32 |       11600 |       00:16:41 |         0.14 |              |       0.0099 |              |      1.0000e-04 |

|      32 |       11610 |       00:16:42 |         0.09 |         0.30 |       0.0044 |       0.0461 |      1.0000e-04 |

|      33 |       11640 |       00:16:45 |         0.13 |         0.27 |       0.0084 |       0.0375 |      1.0000e-04 |

|      33 |       11650 |       00:16:46 |         0.08 |              |       0.0032 |              |      1.0000e-04 |

|      33 |       11670 |       00:16:48 |         0.11 |         0.25 |       0.0058 |       0.0315 |      1.0000e-04 |

|      33 |       11700 |       00:16:52 |         0.11 |         0.23 |       0.0058 |       0.0263 |      1.0000e-04 |

|      33 |       11730 |       00:16:55 |         0.10 |         0.30 |       0.0052 |       0.0454 |      1.0000e-04 |

|      33 |       11750 |       00:16:56 |         0.10 |              |       0.0046 |              |      1.0000e-04 |

|      33 |       11760 |       00:16:58 |         0.10 |         0.19 |       0.0054 |       0.0190 |      1.0000e-04 |

|      33 |       11790 |       00:17:01 |         0.11 |         0.20 |       0.0059 |       0.0209 |      1.0000e-04 |

|      33 |       11800 |       00:17:01 |         0.08 |              |       0.0033 |              |      1.0000e-04 |

|      33 |       11820 |       00:17:04 |         0.10 |         0.31 |       0.0046 |       0.0480 |      1.0000e-04 |

|      33 |       11850 |       00:17:07 |         0.08 |         0.17 |       0.0030 |       0.0153 |      1.0000e-04 |

|      33 |       11880 |       00:17:10 |         0.10 |         0.18 |       0.0047 |       0.0164 |      1.0000e-04 |

|      33 |       11900 |       00:17:11 |         0.10 |              |       0.0045 |              |      1.0000e-04 |

|      33 |       11910 |       00:17:13 |         0.10 |         0.22 |       0.0051 |       0.0241 |      1.0000e-04 |

|      33 |       11940 |       00:17:16 |         0.12 |         0.31 |       0.0073 |       0.0471 |      1.0000e-04 |

|      33 |       11950 |       00:17:17 |         0.11 |              |       0.0060 |              |      1.0000e-04 |

|      33 |       11970 |       00:17:19 |         0.10 |         0.24 |       0.0046 |       0.0289 |      1.0000e-04 |

|      34 |       12000 |       00:17:22 |         0.11 |         0.24 |       0.0062 |       0.0288 |      1.0000e-04 |

|      34 |       12030 |       00:17:25 |         0.07 |         0.21 |       0.0027 |       0.0221 |      1.0000e-04 |

|      34 |       12050 |       00:17:26 |         0.11 |              |       0.0064 |              |      1.0000e-04 |

|      34 |       12060 |       00:17:28 |         0.10 |         0.24 |       0.0050 |       0.0283 |      1.0000e-04 |

|      34 |       12090 |       00:17:31 |         0.08 |         0.21 |       0.0032 |       0.0214 |      1.0000e-04 |

|      34 |       12100 |       00:17:32 |         0.12 |              |       0.0069 |              |      1.0000e-04 |

|      34 |       12120 |       00:17:34 |         0.09 |         0.20 |       0.0041 |       0.0204 |      1.0000e-04 |

|      34 |       12150 |       00:17:36 |         0.08 |         0.21 |       0.0032 |       0.0226 |      1.0000e-04 |

|      34 |       12180 |       00:17:38 |         0.11 |         0.22 |       0.0056 |       0.0239 |      1.0000e-04 |

|      34 |       12200 |       00:17:39 |         0.10 |              |       0.0045 |              |      1.0000e-04 |

|      34 |       12210 |       00:17:40 |         0.09 |         0.22 |       0.0039 |       0.0236 |      1.0000e-04 |

|      34 |       12240 |       00:17:42 |         0.11 |         0.21 |       0.0058 |       0.0223 |      1.0000e-04 |

|      34 |       12250 |       00:17:42 |         0.13 |              |       0.0080 |              |      1.0000e-04 |

|      34 |       12270 |       00:17:44 |         0.12 |         0.20 |       0.0067 |       0.0207 |      1.0000e-04 |

|      34 |       12300 |       00:17:46 |         0.12 |         0.24 |       0.0070 |       0.0293 |      1.0000e-04 |

|      34 |       12330 |       00:17:48 |         0.12 |         0.26 |       0.0068 |       0.0344 |      1.0000e-04 |

|      35 |       12350 |       00:17:48 |         0.14 |              |       0.0102 |              |      1.0000e-04 |

|      35 |       12360 |       00:17:50 |         0.14 |         0.28 |       0.0101 |       0.0406 |      1.0000e-04 |

|      35 |       12390 |       00:17:52 |         0.11 |         0.23 |       0.0060 |       0.0264 |      1.0000e-04 |

|      35 |       12400 |       00:17:52 |         0.13 |              |       0.0084 |              |      1.0000e-04 |

|      35 |       12420 |       00:17:53 |         0.15 |         0.19 |       0.0118 |       0.0173 |      1.0000e-04 |

|      35 |       12450 |       00:17:55 |         0.12 |         0.22 |       0.0070 |       0.0237 |      1.0000e-04 |

|      35 |       12480 |       00:17:57 |         0.14 |         0.20 |       0.0097 |       0.0203 |      1.0000e-04 |

|      35 |       12500 |       00:17:58 |         0.10 |              |       0.0055 |              |      1.0000e-04 |

|      35 |       12510 |       00:17:59 |         0.09 |         0.29 |       0.0038 |       0.0427 |      1.0000e-04 |

|      35 |       12540 |       00:18:01 |         0.11 |         0.20 |       0.0062 |       0.0202 |      1.0000e-04 |

|      35 |       12550 |       00:18:02 |         0.07 |              |       0.0027 |              |      1.0000e-04 |

|      35 |       12570 |       00:18:03 |         0.09 |         0.25 |       0.0042 |       0.0321 |      1.0000e-04 |

|      35 |       12600 |       00:18:05 |         0.08 |         0.29 |       0.0031 |       0.0426 |      1.0000e-04 |

|      35 |       12630 |       00:18:07 |         0.12 |         0.23 |       0.0067 |       0.0264 |      1.0000e-04 |

|      35 |       12650 |       00:18:08 |         0.08 |              |       0.0035 |              |      1.0000e-04 |

|      35 |       12660 |       00:18:09 |         0.09 |         0.23 |       0.0044 |       0.0262 |      1.0000e-04 |

|      35 |       12690 |       00:18:11 |         0.18 |         0.32 |       0.0159 |       0.0506 |      1.0000e-04 |

|      35 |       12700 |       00:18:11 |         0.11 |              |       0.0064 |              |      1.0000e-04 |

|      36 |       12720 |       00:18:13 |         0.12 |         0.20 |       0.0076 |       0.0203 |      1.0000e-04 |

|      36 |       12750 |       00:18:15 |         0.09 |         0.21 |       0.0045 |       0.0217 |      1.0000e-04 |

|      36 |       12780 |       00:18:16 |         0.09 |         0.25 |       0.0038 |       0.0306 |      1.0000e-04 |

|      36 |       12800 |       00:18:17 |         0.09 |              |       0.0038 |              |      1.0000e-04 |

|      36 |       12810 |       00:18:18 |         0.10 |         0.21 |       0.0050 |       0.0228 |      1.0000e-04 |

|      36 |       12840 |       00:18:20 |         0.10 |         0.22 |       0.0055 |       0.0248 |      1.0000e-04 |

|      36 |       12850 |       00:18:21 |         0.15 |              |       0.0110 |              |      1.0000e-04 |

|      36 |       12870 |       00:18:22 |         0.10 |         0.24 |       0.0049 |       0.0284 |      1.0000e-04 |

|      36 |       12900 |       00:18:24 |         0.07 |         0.19 |       0.0023 |       0.0182 |      1.0000e-04 |

|      36 |       12930 |       00:18:26 |         0.11 |         0.21 |       0.0063 |       0.0221 |      1.0000e-04 |

|      36 |       12950 |       00:18:27 |         0.10 |              |       0.0046 |              |      1.0000e-04 |

|      36 |       12960 |       00:18:28 |         0.09 |         0.20 |       0.0038 |       0.0195 |      1.0000e-04 |

|      36 |       12990 |       00:18:30 |         0.16 |         0.18 |       0.0123 |       0.0153 |      1.0000e-04 |

|      36 |       13000 |       00:18:30 |         0.08 |              |       0.0034 |              |      1.0000e-04 |

|      36 |       13020 |       00:18:32 |         0.09 |         0.20 |       0.0037 |       0.0198 |      1.0000e-04 |

|      36 |       13050 |       00:18:34 |         0.12 |         0.21 |       0.0072 |       0.0217 |      1.0000e-04 |

|      37 |       13080 |       00:18:36 |         0.10 |         0.23 |       0.0048 |       0.0269 |      1.0000e-04 |

|      37 |       13100 |       00:18:36 |         0.12 |              |       0.0071 |              |      1.0000e-04 |

|      37 |       13110 |       00:18:38 |         0.09 |         0.26 |       0.0037 |       0.0326 |      1.0000e-04 |

|      37 |       13140 |       00:18:39 |         0.12 |         0.30 |       0.0071 |       0.0448 |      1.0000e-04 |

|      37 |       13150 |       00:18:40 |         0.09 |              |       0.0037 |              |      1.0000e-04 |

|      37 |       13170 |       00:18:41 |         0.09 |         0.24 |       0.0038 |       0.0296 |      1.0000e-04 |

|      37 |       13200 |       00:18:43 |         0.06 |         0.23 |       0.0019 |       0.0254 |      1.0000e-04 |

|      37 |       13230 |       00:18:45 |         0.08 |         0.20 |       0.0031 |       0.0199 |      1.0000e-04 |

|      37 |       13250 |       00:18:46 |         0.10 |              |       0.0047 |              |      1.0000e-04 |

|      37 |       13260 |       00:18:47 |         0.13 |         0.24 |       0.0079 |       0.0280 |      1.0000e-04 |

|      37 |       13290 |       00:18:50 |         0.12 |         0.26 |       0.0073 |       0.0328 |      1.0000e-04 |

|      37 |       13300 |       00:18:51 |         0.13 |              |       0.0090 |              |      1.0000e-04 |

|      37 |       13320 |       00:18:53 |         0.10 |         0.22 |       0.0045 |       0.0249 |      1.0000e-04 |

|      37 |       13350 |       00:18:56 |         0.08 |         0.21 |       0.0034 |       0.0228 |      1.0000e-04 |

|      37 |       13380 |       00:19:00 |         0.09 |         0.26 |       0.0036 |       0.0330 |      1.0000e-04 |

|      37 |       13400 |       00:19:01 |         0.11 |              |       0.0057 |              |      1.0000e-04 |

|      37 |       13410 |       00:19:03 |         0.10 |         0.29 |       0.0053 |       0.0407 |      1.0000e-04 |

|      38 |       13440 |       00:19:06 |         0.06 |         0.26 |       0.0020 |       0.0342 |      1.0000e-04 |

|      38 |       13450 |       00:19:06 |         0.35 |              |       0.0620 |              |      1.0000e-04 |

|      38 |       13470 |       00:19:09 |         0.19 |         0.49 |       0.0173 |       0.1183 |      1.0000e-04 |

|      38 |       13500 |       00:19:12 |         0.09 |         0.25 |       0.0044 |       0.0320 |      1.0000e-04 |

|      38 |       13530 |       00:19:15 |         0.10 |         0.20 |       0.0047 |       0.0208 |      1.0000e-04 |

|      38 |       13550 |       00:19:16 |         0.09 |              |       0.0038 |              |      1.0000e-04 |

|      38 |       13560 |       00:19:18 |         0.18 |         0.32 |       0.0168 |       0.0524 |      1.0000e-04 |

|      38 |       13590 |       00:19:21 |         0.11 |         0.24 |       0.0056 |       0.0278 |      1.0000e-04 |

|      38 |       13600 |       00:19:22 |         0.09 |              |       0.0040 |              |      1.0000e-04 |

|      38 |       13620 |       00:19:24 |         0.14 |         0.23 |       0.0092 |       0.0258 |      1.0000e-04 |

|      38 |       13650 |       00:19:27 |         0.15 |         0.28 |       0.0107 |       0.0384 |      1.0000e-04 |

|      38 |       13680 |       00:19:30 |         0.09 |         0.23 |       0.0040 |       0.0263 |      1.0000e-04 |

|      38 |       13700 |       00:19:31 |         0.13 |              |       0.0083 |              |      1.0000e-04 |

|      38 |       13710 |       00:19:33 |         0.19 |         0.25 |       0.0177 |       0.0302 |      1.0000e-04 |

|      38 |       13740 |       00:19:36 |         0.09 |         0.25 |       0.0038 |       0.0309 |      1.0000e-04 |

|      38 |       13750 |       00:19:37 |         0.10 |              |       0.0049 |              |      1.0000e-04 |

|      38 |       13770 |       00:19:39 |         0.07 |         0.21 |       0.0023 |       0.0229 |      1.0000e-04 |

|      39 |       13800 |       00:19:43 |         0.09 |         0.17 |       0.0044 |       0.0152 |      1.0000e-04 |

|      39 |       13830 |       00:19:46 |         0.08 |         0.22 |       0.0031 |       0.0252 |      1.0000e-04 |

|      39 |       13850 |       00:19:47 |         0.07 |              |       0.0024 |              |      1.0000e-04 |

|      39 |       13860 |       00:19:49 |         0.07 |         0.19 |       0.0024 |       0.0190 |      1.0000e-04 |

|      39 |       13890 |       00:19:52 |         0.08 |         0.25 |       0.0033 |       0.0311 |      1.0000e-04 |

|      39 |       13900 |       00:19:52 |         0.11 |              |       0.0062 |              |      1.0000e-04 |

|      39 |       13920 |       00:19:55 |         0.09 |         0.28 |       0.0037 |       0.0383 |      1.0000e-04 |

|      39 |       13950 |       00:19:58 |         0.09 |         0.23 |       0.0044 |       0.0271 |      1.0000e-04 |

|      39 |       13980 |       00:20:01 |         0.08 |         0.25 |       0.0030 |       0.0314 |      1.0000e-04 |

|      39 |       14000 |       00:20:02 |         0.09 |              |       0.0037 |              |      1.0000e-04 |

|      39 |       14010 |       00:20:04 |         0.08 |         0.30 |       0.0031 |       0.0459 |      1.0000e-04 |

|      39 |       14040 |       00:20:07 |         0.17 |         0.27 |       0.0146 |       0.0366 |      1.0000e-04 |

|      39 |       14050 |       00:20:08 |         0.11 |              |       0.0061 |              |      1.0000e-04 |

|      39 |       14070 |       00:20:10 |         0.11 |         0.30 |       0.0065 |       0.0447 |      1.0000e-04 |

|      39 |       14100 |       00:20:13 |         0.10 |         0.19 |       0.0046 |       0.0190 |      1.0000e-04 |

|      39 |       14130 |       00:20:16 |         0.09 |         0.19 |       0.0042 |       0.0183 |      1.0000e-04 |

|      39 |       14150 |       00:20:18 |         0.09 |              |       0.0036 |              |      1.0000e-04 |

|      40 |       14160 |       00:20:19 |         0.09 |         0.19 |       0.0040 |       0.0184 |      1.0000e-04 |

|      40 |       14190 |       00:20:22 |         0.09 |         0.24 |       0.0036 |       0.0288 |      1.0000e-04 |

|      40 |       14200 |       00:20:23 |         0.10 |              |       0.0053 |              |      1.0000e-04 |

|      40 |       14220 |       00:20:25 |         0.07 |         0.24 |       0.0028 |       0.0294 |      1.0000e-04 |

|      40 |       14250 |       00:20:28 |         0.07 |         0.29 |       0.0024 |       0.0409 |      1.0000e-04 |

|      40 |       14280 |       00:20:32 |         0.09 |         0.27 |       0.0040 |       0.0370 |      1.0000e-04 |

|      40 |       14300 |       00:20:33 |         0.13 |              |       0.0087 |              |      1.0000e-04 |

|      40 |       14310 |       00:20:35 |         0.09 |         0.22 |       0.0044 |       0.0248 |      1.0000e-04 |

|      40 |       14340 |       00:20:38 |         0.08 |         0.25 |       0.0028 |       0.0305 |      1.0000e-04 |

|      40 |       14350 |       00:20:38 |         0.11 |              |       0.0056 |              |      1.0000e-04 |

|      40 |       14370 |       00:20:41 |         0.08 |         0.24 |       0.0028 |       0.0284 |      1.0000e-04 |

|      40 |       14400 |       00:20:44 |         0.09 |         0.20 |       0.0039 |       0.0200 |      1.0000e-04 |

|      40 |       14430 |       00:20:47 |         0.15 |         0.22 |       0.0110 |       0.0241 |      1.0000e-04 |

|      40 |       14450 |       00:20:48 |         0.09 |              |       0.0039 |              |      1.0000e-04 |

|      40 |       14460 |       00:20:50 |         0.09 |         0.22 |       0.0042 |       0.0236 |      1.0000e-04 |

|      40 |       14490 |       00:20:53 |         0.09 |         0.21 |       0.0037 |       0.0227 |      1.0000e-04 |

|      40 |       14500 |       00:20:54 |         0.11 |              |       0.0064 |              |      1.0000e-04 |

|      40 |       14520 |       00:20:56 |         0.12 |         0.17 |       0.0078 |       0.0148 |      1.0000e-04 |

|      41 |       14550 |       00:20:59 |         0.09 |         0.18 |       0.0038 |       0.0163 |      1.0000e-04 |

|      41 |       14580 |       00:21:02 |         0.10 |         0.20 |       0.0049 |       0.0191 |      1.0000e-04 |

|      41 |       14600 |       00:21:03 |         0.09 |              |       0.0043 |              |      1.0000e-04 |

|      41 |       14610 |       00:21:05 |         0.08 |         0.18 |       0.0029 |       0.0154 |      1.0000e-04 |

|      41 |       14640 |       00:21:08 |         0.07 |         0.20 |       0.0026 |       0.0198 |      1.0000e-04 |

|      41 |       14650 |       00:21:09 |         0.08 |              |       0.0034 |              |      1.0000e-04 |

|      41 |       14670 |       00:21:11 |         0.12 |         0.24 |       0.0067 |       0.0294 |      1.0000e-04 |

|      41 |       14700 |       00:21:14 |         0.09 |         0.21 |       0.0039 |       0.0217 |      1.0000e-04 |

|      41 |       14730 |       00:21:17 |         0.14 |         0.24 |       0.0102 |       0.0298 |      1.0000e-04 |

|      41 |       14750 |       00:21:19 |         0.17 |              |       0.0146 |              |      1.0000e-04 |

|      41 |       14760 |       00:21:20 |         0.12 |         0.24 |       0.0078 |       0.0281 |      1.0000e-04 |

|      41 |       14790 |       00:21:24 |         0.16 |         0.24 |       0.0132 |       0.0290 |      1.0000e-04 |

|      41 |       14800 |       00:21:24 |         0.10 |              |       0.0047 |              |      1.0000e-04 |

|      41 |       14820 |       00:21:27 |         0.08 |         0.20 |       0.0034 |       0.0208 |      1.0000e-04 |

|      41 |       14850 |       00:21:29 |         0.09 |         0.23 |       0.0042 |       0.0259 |      1.0000e-04 |

|      41 |       14880 |       00:21:31 |         0.10 |         0.26 |       0.0048 |       0.0343 |      1.0000e-04 |

|      42 |       14900 |       00:21:32 |         0.11 |              |       0.0059 |              |      1.0000e-04 |

|      42 |       14910 |       00:21:33 |         0.12 |         0.22 |       0.0067 |       0.0240 |      1.0000e-04 |

|      42 |       14940 |       00:21:35 |         0.09 |         0.25 |       0.0040 |       0.0308 |      1.0000e-04 |

|      42 |       14950 |       00:21:35 |         0.10 |              |       0.0049 |              |      1.0000e-04 |

|      42 |       14970 |       00:21:37 |         0.11 |         0.23 |       0.0062 |       0.0259 |      1.0000e-04 |

|      42 |       15000 |       00:21:39 |         0.15 |         0.26 |       0.0108 |       0.0343 |      1.0000e-04 |

|      42 |       15030 |       00:21:41 |         0.13 |         0.25 |       0.0085 |       0.0310 |      1.0000e-04 |

|      42 |       15050 |       00:21:42 |         0.09 |              |       0.0040 |              |      1.0000e-04 |

|      42 |       15060 |       00:21:43 |         0.13 |         0.25 |       0.0090 |       0.0307 |      1.0000e-04 |

|      42 |       15090 |       00:21:45 |         0.09 |         0.22 |       0.0039 |       0.0239 |      1.0000e-04 |

|      42 |       15100 |       00:21:45 |         0.10 |              |       0.0052 |              |      1.0000e-04 |

|      42 |       15120 |       00:21:47 |         0.06 |         0.22 |       0.0018 |       0.0252 |      1.0000e-04 |

|      42 |       15150 |       00:21:49 |         0.11 |         0.24 |       0.0062 |       0.0281 |      1.0000e-04 |

|      42 |       15180 |       00:21:50 |         0.39 |         0.46 |       0.0745 |       0.1071 |      1.0000e-04 |

|      42 |       15200 |       00:21:51 |         0.19 |              |       0.0187 |              |      1.0000e-04 |

|      42 |       15210 |       00:21:52 |         0.14 |         0.33 |       0.0104 |       0.0540 |      1.0000e-04 |

|      42 |       15240 |       00:21:54 |         0.10 |         0.19 |       0.0050 |       0.0174 |      1.0000e-04 |

|      43 |       15250 |       00:21:55 |         0.08 |              |       0.0034 |              |      1.0000e-04 |

|      43 |       15270 |       00:21:56 |         0.06 |         0.21 |       0.0016 |       0.0214 |      1.0000e-04 |

|      43 |       15300 |       00:21:58 |         0.12 |         0.27 |       0.0070 |       0.0376 |      1.0000e-04 |

|      43 |       15330 |       00:22:00 |         0.12 |         0.17 |       0.0078 |       0.0139 |      1.0000e-04 |

|      43 |       15350 |       00:22:01 |         0.08 |              |       0.0029 |              |      1.0000e-04 |

|      43 |       15360 |       00:22:02 |         0.18 |         0.30 |       0.0170 |       0.0455 |      1.0000e-04 |

|      43 |       15390 |       00:22:04 |         0.11 |         0.23 |       0.0057 |       0.0262 |      1.0000e-04 |

|      43 |       15400 |       00:22:04 |         0.08 |              |       0.0033 |              |      1.0000e-04 |

|      43 |       15420 |       00:22:06 |         0.10 |         0.18 |       0.0053 |       0.0170 |      1.0000e-04 |

|      43 |       15450 |       00:22:08 |         0.10 |         0.23 |       0.0045 |       0.0270 |      1.0000e-04 |

|      43 |       15480 |       00:22:10 |         0.07 |         0.20 |       0.0027 |       0.0200 |      1.0000e-04 |

|      43 |       15500 |       00:22:10 |         0.08 |              |       0.0029 |              |      1.0000e-04 |

|      43 |       15510 |       00:22:12 |         0.12 |         0.20 |       0.0067 |       0.0198 |      1.0000e-04 |

|      43 |       15540 |       00:22:14 |         0.10 |         0.20 |       0.0052 |       0.0196 |      1.0000e-04 |

|      43 |       15550 |       00:22:14 |         0.10 |              |       0.0050 |              |      1.0000e-04 |

|      43 |       15570 |       00:22:15 |         0.08 |         0.25 |       0.0029 |       0.0306 |      1.0000e-04 |

|      43 |       15600 |       00:22:17 |         0.09 |         0.19 |       0.0045 |       0.0189 |      1.0000e-04 |

|      44 |       15630 |       00:22:19 |         0.16 |         0.20 |       0.0132 |       0.0199 |      1.0000e-04 |

|      44 |       15650 |       00:22:20 |         0.08 |              |       0.0033 |              |      1.0000e-04 |

|      44 |       15660 |       00:22:21 |         0.15 |         0.26 |       0.0108 |       0.0333 |      1.0000e-04 |

|      44 |       15690 |       00:22:23 |         0.12 |         0.26 |       0.0069 |       0.0341 |      1.0000e-04 |

|      44 |       15700 |       00:22:24 |         0.07 |              |       0.0025 |              |      1.0000e-04 |

|      44 |       15720 |       00:22:25 |         0.08 |         0.23 |       0.0031 |       0.0269 |      1.0000e-04 |

|      44 |       15750 |       00:22:27 |         0.07 |         0.25 |       0.0023 |       0.0313 |      1.0000e-04 |

|      44 |       15780 |       00:22:29 |         0.13 |         0.18 |       0.0078 |       0.0163 |      1.0000e-04 |

|      44 |       15800 |       00:22:30 |         0.08 |              |       0.0029 |              |      1.0000e-04 |

|      44 |       15810 |       00:22:32 |         0.10 |         0.21 |       0.0050 |       0.0214 |      1.0000e-04 |

|      44 |       15840 |       00:22:35 |         0.11 |         0.20 |       0.0064 |       0.0205 |      1.0000e-04 |

|      44 |       15850 |       00:22:36 |         0.11 |              |       0.0061 |              |      1.0000e-04 |

|      44 |       15870 |       00:22:38 |         0.08 |         0.16 |       0.0035 |       0.0136 |      1.0000e-04 |

|      44 |       15900 |       00:22:41 |         0.09 |         0.23 |       0.0038 |       0.0255 |      1.0000e-04 |

|      44 |       15930 |       00:22:44 |         0.24 |         0.29 |       0.0283 |       0.0424 |      1.0000e-04 |

|      44 |       15950 |       00:22:46 |         0.11 |              |       0.0065 |              |      1.0000e-04 |

|      44 |       15960 |       00:22:47 |         0.10 |         0.55 |       0.0053 |       0.1494 |      1.0000e-04 |

|      45 |       15990 |       00:22:50 |         0.11 |         0.37 |       0.0063 |       0.0703 |      1.0000e-04 |

|      45 |       16000 |       00:22:51 |         0.20 |              |       0.0192 |              |      1.0000e-04 |

|      45 |       16020 |       00:22:53 |         0.07 |         0.31 |       0.0023 |       0.0466 |      1.0000e-04 |

|      45 |       16050 |       00:22:56 |         0.08 |         0.25 |       0.0032 |       0.0307 |      1.0000e-04 |

|      45 |       16080 |       00:23:00 |         0.10 |         0.18 |       0.0052 |       0.0162 |      1.0000e-04 |

|      45 |       16100 |       00:23:01 |         0.09 |              |       0.0040 |              |      1.0000e-04 |

|      45 |       16110 |       00:23:03 |         0.07 |         0.21 |       0.0022 |       0.0212 |      1.0000e-04 |

|      45 |       16140 |       00:23:06 |         0.07 |         0.17 |       0.0027 |       0.0145 |      1.0000e-04 |

|      45 |       16150 |       00:23:06 |         0.10 |              |       0.0049 |              |      1.0000e-04 |

|      45 |       16170 |       00:23:09 |         0.06 |         0.24 |       0.0017 |       0.0298 |      1.0000e-04 |

|      45 |       16200 |       00:23:12 |         0.11 |         0.27 |       0.0059 |       0.0374 |      1.0000e-04 |

|      45 |       16230 |       00:23:15 |         0.11 |         0.24 |       0.0057 |       0.0280 |      1.0000e-04 |

|      45 |       16250 |       00:23:16 |         0.08 |              |       0.0036 |              |      1.0000e-04 |

|      45 |       16260 |       00:23:18 |         0.10 |         0.27 |       0.0047 |       0.0361 |      1.0000e-04 |

|      45 |       16290 |       00:23:21 |         0.09 |         0.25 |       0.0038 |       0.0316 |      1.0000e-04 |

|      45 |       16300 |       00:23:22 |         0.09 |              |       0.0041 |              |      1.0000e-04 |

|      45 |       16320 |       00:23:24 |         0.08 |         0.23 |       0.0030 |       0.0270 |      1.0000e-04 |

|      46 |       16350 |       00:23:26 |         0.10 |         0.23 |       0.0055 |       0.0259 |      1.0000e-04 |

|      46 |       16380 |       00:23:28 |         0.12 |         0.20 |       0.0066 |       0.0206 |      1.0000e-04 |

|      46 |       16400 |       00:23:29 |         0.07 |              |       0.0028 |              |      1.0000e-04 |

|      46 |       16410 |       00:23:30 |         0.09 |         0.21 |       0.0041 |       0.0231 |      1.0000e-04 |

|      46 |       16440 |       00:23:32 |         0.09 |         0.23 |       0.0040 |       0.0274 |      1.0000e-04 |

|      46 |       16450 |       00:23:32 |         0.14 |              |       0.0102 |              |      1.0000e-04 |

|      46 |       16470 |       00:23:34 |         0.06 |         0.25 |       0.0017 |       0.0305 |      1.0000e-04 |

|      46 |       16500 |       00:23:36 |         0.25 |         0.25 |       0.0315 |       0.0323 |      1.0000e-04 |

|      46 |       16530 |       00:23:38 |         0.10 |         0.37 |       0.0047 |       0.0676 |      1.0000e-04 |

|      46 |       16550 |       00:23:38 |         0.09 |              |       0.0038 |              |      1.0000e-04 |

|      46 |       16560 |       00:23:40 |         0.10 |         0.20 |       0.0046 |       0.0202 |      1.0000e-04 |

|      46 |       16590 |       00:23:42 |         0.11 |         0.23 |       0.0060 |       0.0254 |      1.0000e-04 |

|      46 |       16600 |       00:23:42 |         0.08 |              |       0.0035 |              |      1.0000e-04 |

|      46 |       16620 |       00:23:44 |         0.08 |         0.21 |       0.0036 |       0.0213 |      1.0000e-04 |

|      46 |       16650 |       00:23:45 |         0.08 |         0.24 |       0.0029 |       0.0277 |      1.0000e-04 |

|      46 |       16680 |       00:23:47 |         0.09 |         0.22 |       0.0040 |       0.0247 |      1.0000e-04 |

|      47 |       16700 |       00:23:48 |         0.08 |              |       0.0036 |              |      1.0000e-04 |

|      47 |       16710 |       00:23:49 |         0.07 |         0.22 |       0.0027 |       0.0249 |      1.0000e-04 |

|      47 |       16740 |       00:23:51 |         0.08 |         0.22 |       0.0036 |       0.0251 |      1.0000e-04 |

|      47 |       16750 |       00:23:52 |         0.13 |              |       0.0078 |              |      1.0000e-04 |

|      47 |       16770 |       00:23:53 |         0.08 |         0.22 |       0.0035 |       0.0238 |      1.0000e-04 |

|      47 |       16800 |       00:23:55 |         0.07 |         0.22 |       0.0022 |       0.0241 |      1.0000e-04 |

|      47 |       16830 |       00:23:57 |         0.10 |         0.23 |       0.0053 |       0.0270 |      1.0000e-04 |

|      47 |       16850 |       00:23:58 |         0.05 |              |       0.0014 |              |      1.0000e-04 |

|      47 |       16860 |       00:23:59 |         0.13 |         0.23 |       0.0082 |       0.0261 |      1.0000e-04 |

|      47 |       16890 |       00:24:01 |         0.07 |         0.31 |       0.0028 |       0.0468 |      1.0000e-04 |

|      47 |       16900 |       00:24:02 |         0.08 |              |       0.0036 |              |      1.0000e-04 |

|      47 |       16920 |       00:24:03 |         0.05 |         0.16 |       0.0015 |       0.0134 |      1.0000e-04 |

|      47 |       16950 |       00:24:05 |         0.16 |         0.27 |       0.0123 |       0.0352 |      1.0000e-04 |

|      47 |       16980 |       00:24:07 |         0.16 |         0.17 |       0.0126 |       0.0153 |      1.0000e-04 |

|      47 |       17000 |       00:24:08 |         0.14 |              |       0.0096 |              |      1.0000e-04 |

|      47 |       17010 |       00:24:09 |         0.07 |         0.26 |       0.0026 |       0.0341 |      1.0000e-04 |

|      47 |       17040 |       00:24:12 |         0.14 |         0.24 |       0.0095 |       0.0292 |      1.0000e-04 |

|      47 |       17050 |       00:24:12 |         0.08 |              |       0.0035 |              |      1.0000e-04 |

|      48 |       17070 |       00:24:14 |         0.38 |         0.22 |       0.0740 |       0.0235 |      1.0000e-04 |

|      48 |       17100 |       00:24:16 |         0.09 |         0.26 |       0.0038 |       0.0336 |      1.0000e-04 |

|      48 |       17130 |       00:24:18 |         0.07 |         0.20 |       0.0027 |       0.0193 |      1.0000e-04 |

|      48 |       17150 |       00:24:19 |         0.07 |              |       0.0028 |              |      1.0000e-04 |

|      48 |       17160 |       00:24:20 |         0.10 |         0.22 |       0.0051 |       0.0239 |      1.0000e-04 |

|      48 |       17190 |       00:24:22 |         0.13 |         0.23 |       0.0086 |       0.0274 |      1.0000e-04 |

|      48 |       17200 |       00:24:22 |         0.11 |              |       0.0056 |              |      1.0000e-04 |

|      48 |       17220 |       00:24:24 |         0.07 |         0.25 |       0.0024 |       0.0313 |      1.0000e-04 |

|      48 |       17250 |       00:24:27 |         0.09 |         0.22 |       0.0039 |       0.0240 |      1.0000e-04 |

|      48 |       17280 |       00:24:30 |         0.18 |         0.37 |       0.0163 |       0.0702 |      1.0000e-04 |

|      48 |       17300 |       00:24:31 |         0.10 |              |       0.0049 |              |      1.0000e-04 |

|      48 |       17310 |       00:24:33 |         0.09 |         0.20 |       0.0037 |       0.0209 |      1.0000e-04 |

|      48 |       17340 |       00:24:36 |         0.09 |         0.28 |       0.0038 |       0.0401 |      1.0000e-04 |

|      48 |       17350 |       00:24:37 |         0.09 |              |       0.0040 |              |      1.0000e-04 |

|      48 |       17370 |       00:24:39 |         0.12 |         0.27 |       0.0077 |       0.0367 |      1.0000e-04 |

|      48 |       17400 |       00:24:42 |         0.08 |         0.19 |       0.0036 |       0.0179 |      1.0000e-04 |

|      49 |       17430 |       00:24:46 |         0.11 |         0.19 |       0.0056 |       0.0172 |      1.0000e-04 |

|      49 |       17450 |       00:24:47 |         0.09 |              |       0.0042 |              |      1.0000e-04 |

|      49 |       17460 |       00:24:49 |         0.11 |         0.23 |       0.0058 |       0.0268 |      1.0000e-04 |

|      49 |       17490 |       00:24:52 |         0.10 |         0.22 |       0.0052 |       0.0238 |      1.0000e-04 |

|      49 |       17500 |       00:24:52 |         0.11 |              |       0.0063 |              |      1.0000e-04 |

|      49 |       17520 |       00:24:55 |         0.07 |         0.19 |       0.0028 |       0.0186 |      1.0000e-04 |

|      49 |       17550 |       00:24:58 |         0.14 |         0.20 |       0.0092 |       0.0197 |      1.0000e-04 |

|      49 |       17580 |       00:25:01 |         0.10 |         0.28 |       0.0048 |       0.0379 |      1.0000e-04 |

|      49 |       17600 |       00:25:02 |         0.10 |              |       0.0051 |              |      1.0000e-04 |

|      49 |       17610 |       00:25:04 |         0.08 |         0.21 |       0.0030 |       0.0218 |      1.0000e-04 |

|      49 |       17640 |       00:25:07 |         0.15 |         0.29 |       0.0118 |       0.0409 |      1.0000e-04 |

|      49 |       17650 |       00:25:08 |         0.13 |              |       0.0089 |              |      1.0000e-04 |

|      49 |       17670 |       00:25:10 |         0.09 |         0.38 |       0.0040 |       0.0741 |      1.0000e-04 |

|      49 |       17700 |       00:25:13 |         0.12 |         0.37 |       0.0067 |       0.0684 |      1.0000e-04 |

|      49 |       17730 |       00:25:16 |         0.09 |         0.27 |       0.0043 |       0.0354 |      1.0000e-04 |

|      49 |       17750 |       00:25:18 |         0.12 |              |       0.0069 |              |      1.0000e-04 |

|      49 |       17760 |       00:25:19 |         0.09 |         0.34 |       0.0039 |       0.0582 |      1.0000e-04 |

|      50 |       17790 |       00:25:21 |         0.32 |         0.18 |       0.0505 |       0.0168 |      1.0000e-04 |

|      50 |       17800 |       00:25:21 |         0.11 |              |       0.0064 |              |      1.0000e-04 |

|      50 |       17820 |       00:25:23 |         0.07 |         0.20 |       0.0025 |       0.0194 |      1.0000e-04 |

|      50 |       17850 |       00:25:25 |         0.08 |         0.24 |       0.0035 |       0.0298 |      1.0000e-04 |

|      50 |       17880 |       00:25:27 |         0.15 |         0.32 |       0.0111 |       0.0514 |      1.0000e-04 |

|      50 |       17900 |       00:25:28 |         0.07 |              |       0.0024 |              |      1.0000e-04 |

|      50 |       17910 |       00:25:30 |         0.10 |         0.30 |       0.0053 |       0.0461 |      1.0000e-04 |

|      50 |       17940 |       00:25:33 |         0.08 |         0.32 |       0.0034 |       0.0507 |      1.0000e-04 |

|      50 |       17950 |       00:25:34 |         0.07 |              |       0.0022 |              |      1.0000e-04 |

|      50 |       17970 |       00:25:36 |         0.06 |         0.21 |       0.0020 |       0.0214 |      1.0000e-04 |

|      50 |       18000 |       00:25:39 |         0.09 |         0.19 |       0.0042 |       0.0174 |      1.0000e-04 |

|      50 |       18030 |       00:25:42 |         0.23 |         0.20 |       0.0259 |       0.0209 |      1.0000e-04 |

|      50 |       18050 |       00:25:44 |         0.07 |              |       0.0025 |              |      1.0000e-04 |

|      50 |       18060 |       00:25:45 |         0.08 |         0.19 |       0.0031 |       0.0182 |      1.0000e-04 |

|      50 |       18090 |       00:25:48 |         0.09 |         0.19 |       0.0036 |       0.0186 |      1.0000e-04 |

|      50 |       18100 |       00:25:49 |         0.07 |              |       0.0022 |              |      1.0000e-04 |

|      50 |       18120 |       00:25:52 |         0.10 |         0.19 |       0.0046 |       0.0186 |      1.0000e-04 |

|      50 |       18150 |       00:25:55 |         0.06 |         0.23 |       0.0020 |       0.0256 |      1.0000e-04 |

|      51 |       18180 |       00:25:58 |         0.13 |         0.21 |       0.0088 |       0.0221 |      1.0000e-04 |

|      51 |       18200 |       00:25:59 |         0.09 |              |       0.0043 |              |      1.0000e-04 |

|      51 |       18210 |       00:26:01 |         0.09 |         0.19 |       0.0044 |       0.0176 |      1.0000e-04 |

|      51 |       18240 |       00:26:04 |         0.06 |         0.21 |       0.0021 |       0.0216 |      1.0000e-04 |

|      51 |       18250 |       00:26:04 |         0.07 |              |       0.0028 |              |      1.0000e-04 |

|      51 |       18270 |       00:26:07 |         0.08 |         0.24 |       0.0035 |       0.0299 |      1.0000e-04 |

|      51 |       18300 |       00:26:10 |         0.09 |         0.19 |       0.0037 |       0.0178 |      1.0000e-04 |

|      51 |       18330 |       00:26:13 |         0.11 |         0.29 |       0.0064 |       0.0434 |      1.0000e-04 |

|      51 |       18350 |       00:26:14 |         0.10 |              |       0.0047 |              |      1.0000e-04 |

|      51 |       18360 |       00:26:16 |         0.10 |         0.39 |       0.0052 |       0.0761 |      1.0000e-04 |

|      51 |       18390 |       00:26:19 |         0.10 |         0.35 |       0.0051 |       0.0620 |      1.0000e-04 |

|      51 |       18400 |       00:26:20 |         0.09 |              |       0.0038 |              |      1.0000e-04 |

|      51 |       18420 |       00:26:22 |         0.14 |         0.28 |       0.0098 |       0.0387 |      1.0000e-04 |

|      51 |       18450 |       00:26:25 |         0.06 |         0.30 |       0.0015 |       0.0440 |      1.0000e-04 |

|      51 |       18480 |       00:26:28 |         0.07 |         0.25 |       0.0026 |       0.0308 |      1.0000e-04 |

|      51 |       18500 |       00:26:28 |         0.07 |              |       0.0025 |              |      1.0000e-04 |

|      51 |       18510 |       00:26:30 |         0.08 |         0.21 |       0.0030 |       0.0216 |      1.0000e-04 |

|      52 |       18540 |       00:26:32 |         0.09 |         0.18 |       0.0041 |       0.0163 |      1.0000e-04 |

|      52 |       18550 |       00:26:32 |         0.06 |              |       0.0020 |              |      1.0000e-04 |

|      52 |       18570 |       00:26:34 |         0.06 |         0.24 |       0.0021 |       0.0282 |      1.0000e-04 |

|      52 |       18600 |       00:26:36 |         0.07 |         0.19 |       0.0024 |       0.0176 |      1.0000e-04 |

|      52 |       18630 |       00:26:38 |         0.10 |         0.22 |       0.0053 |       0.0249 |      1.0000e-04 |

|      52 |       18650 |       00:26:38 |         0.11 |              |       0.0056 |              |      1.0000e-04 |

|      52 |       18660 |       00:26:40 |         0.14 |         0.22 |       0.0101 |       0.0234 |      1.0000e-04 |

|      52 |       18690 |       00:26:42 |         0.07 |         0.19 |       0.0027 |       0.0173 |      1.0000e-04 |

|      52 |       18700 |       00:26:42 |         0.07 |              |       0.0026 |              |      1.0000e-04 |

|      52 |       18720 |       00:26:43 |         0.12 |         0.20 |       0.0068 |       0.0194 |      1.0000e-04 |

|      52 |       18750 |       00:26:45 |         0.05 |         0.20 |       0.0012 |       0.0193 |      1.0000e-04 |

|      52 |       18780 |       00:26:47 |         0.12 |         0.24 |       0.0068 |       0.0299 |      1.0000e-04 |

|      52 |       18800 |       00:26:48 |         0.06 |              |       0.0019 |              |      1.0000e-04 |

|      52 |       18810 |       00:26:49 |         0.09 |         0.20 |       0.0039 |       0.0195 |      1.0000e-04 |

|      52 |       18840 |       00:26:51 |         0.14 |         0.20 |       0.0095 |       0.0209 |      1.0000e-04 |

|      52 |       18850 |       00:26:52 |         0.08 |              |       0.0030 |              |      1.0000e-04 |

|      52 |       18870 |       00:26:53 |         0.07 |         0.28 |       0.0027 |       0.0383 |      1.0000e-04 |

|      53 |       18900 |       00:26:55 |         0.11 |         0.21 |       0.0061 |       0.0226 |      1.0000e-04 |

|      53 |       18930 |       00:26:57 |         0.13 |         0.21 |       0.0082 |       0.0229 |      1.0000e-04 |

|      53 |       18950 |       00:26:58 |         0.07 |              |       0.0023 |              |      1.0000e-04 |

|      53 |       18960 |       00:26:59 |         0.07 |         0.21 |       0.0025 |       0.0221 |      1.0000e-04 |

|      53 |       18990 |       00:27:01 |         0.09 |         0.21 |       0.0042 |       0.0223 |      1.0000e-04 |

|      53 |       19000 |       00:27:02 |         0.08 |              |       0.0030 |              |      1.0000e-04 |

|      53 |       19020 |       00:27:05 |         0.08 |         0.18 |       0.0028 |       0.0156 |      1.0000e-04 |

|      53 |       19050 |       00:27:08 |         0.08 |         0.24 |       0.0031 |       0.0289 |      1.0000e-04 |

|      53 |       19080 |       00:27:11 |         0.08 |         0.21 |       0.0030 |       0.0214 |      1.0000e-04 |

|      53 |       19100 |       00:27:12 |         0.10 |              |       0.0050 |              |      1.0000e-04 |

|      53 |       19110 |       00:27:14 |         0.08 |         0.22 |       0.0035 |       0.0251 |      1.0000e-04 |

|      53 |       19140 |       00:27:17 |         0.09 |         0.21 |       0.0040 |       0.0231 |      1.0000e-04 |

|      53 |       19150 |       00:27:18 |         0.07 |              |       0.0022 |              |      1.0000e-04 |

|      53 |       19170 |       00:27:20 |         0.07 |         0.21 |       0.0024 |       0.0214 |      1.0000e-04 |

|      53 |       19200 |       00:27:23 |         0.09 |         0.19 |       0.0039 |       0.0175 |      1.0000e-04 |

|      53 |       19230 |       00:27:27 |         0.07 |         0.18 |       0.0026 |       0.0167 |      1.0000e-04 |

|      54 |       19250 |       00:27:28 |         0.08 |              |       0.0035 |              |      1.0000e-04 |

|      54 |       19260 |       00:27:30 |         0.10 |         0.28 |       0.0054 |       0.0391 |      1.0000e-04 |

|      54 |       19290 |       00:27:33 |         0.07 |         0.18 |       0.0022 |       0.0166 |      1.0000e-04 |

|      54 |       19300 |       00:27:33 |         0.17 |              |       0.0143 |              |      1.0000e-04 |

|      54 |       19320 |       00:27:36 |         0.06 |         0.19 |       0.0020 |       0.0175 |      1.0000e-04 |

|      54 |       19350 |       00:27:39 |         0.21 |         0.47 |       0.0223 |       0.1120 |      1.0000e-04 |

|      54 |       19380 |       00:27:42 |         0.14 |         0.72 |       0.0104 |       0.2576 |      1.0000e-04 |

|      54 |       19400 |       00:27:44 |         0.09 |              |       0.0043 |              |      1.0000e-04 |

|      54 |       19410 |       00:27:45 |         0.08 |         0.49 |       0.0035 |       0.1210 |      1.0000e-04 |

|      54 |       19440 |       00:27:49 |         0.10 |         0.22 |       0.0047 |       0.0236 |      1.0000e-04 |

|      54 |       19450 |       00:27:49 |         0.08 |              |       0.0028 |              |      1.0000e-04 |

|      54 |       19470 |       00:27:52 |         0.12 |         0.23 |       0.0067 |       0.0272 |      1.0000e-04 |

|      54 |       19500 |       00:27:55 |         0.08 |         0.27 |       0.0029 |       0.0375 |      1.0000e-04 |

|      54 |       19530 |       00:27:58 |         0.07 |         0.24 |       0.0027 |       0.0300 |      1.0000e-04 |

|      54 |       19550 |       00:27:59 |         0.09 |              |       0.0040 |              |      1.0000e-04 |

|      54 |       19560 |       00:28:01 |         0.07 |         0.22 |       0.0024 |       0.0233 |      1.0000e-04 |

|      54 |       19590 |       00:28:04 |         0.06 |         0.26 |       0.0018 |       0.0344 |      1.0000e-04 |

|      54 |       19600 |       00:28:04 |         0.08 |              |       0.0032 |              |      1.0000e-04 |

|      55 |       19620 |       00:28:06 |         0.06 |         0.19 |       0.0015 |       0.0187 |      1.0000e-04 |

|      55 |       19650 |       00:28:08 |         0.08 |         0.21 |       0.0034 |       0.0222 |      1.0000e-04 |

|      55 |       19680 |       00:28:10 |         0.06 |         0.21 |       0.0018 |       0.0224 |      1.0000e-04 |

|      55 |       19700 |       00:28:11 |         0.08 |              |       0.0029 |              |      1.0000e-04 |

|      55 |       19710 |       00:28:13 |         0.08 |         0.18 |       0.0032 |       0.0167 |      1.0000e-04 |

|      55 |       19740 |       00:28:16 |         0.08 |         0.26 |       0.0028 |       0.0332 |      1.0000e-04 |

|      55 |       19750 |       00:28:17 |         0.07 |              |       0.0025 |              |      1.0000e-04 |

|      55 |       19770 |       00:28:19 |         0.09 |         0.16 |       0.0041 |       0.0135 |      1.0000e-04 |

|      55 |       19800 |       00:28:22 |         0.08 |         0.22 |       0.0036 |       0.0246 |      1.0000e-04 |

|      55 |       19830 |       00:28:25 |         0.09 |         0.18 |       0.0042 |       0.0170 |      1.0000e-04 |

|      55 |       19850 |       00:28:27 |         0.09 |              |       0.0039 |              |      1.0000e-04 |

|      55 |       19860 |       00:28:29 |         0.10 |         0.22 |       0.0046 |       0.0234 |      1.0000e-04 |

|      55 |       19890 |       00:28:32 |         0.10 |         0.19 |       0.0050 |       0.0172 |      1.0000e-04 |

|      55 |       19900 |       00:28:32 |         0.08 |              |       0.0035 |              |      1.0000e-04 |

|      55 |       19920 |       00:28:35 |         0.08 |         0.18 |       0.0036 |       0.0165 |      1.0000e-04 |

|      55 |       19950 |       00:28:38 |         0.11 |         0.20 |       0.0065 |       0.0200 |      1.0000e-04 |

|      56 |       19980 |       00:28:41 |         0.06 |         0.20 |       0.0016 |       0.0203 |      1.0000e-04 |

|      56 |       20000 |       00:28:42 |         0.08 |              |       0.0036 |              |      1.0000e-04 |

|      56 |       20010 |       00:28:44 |         0.10 |         0.24 |       0.0050 |       0.0285 |      1.0000e-04 |

|      56 |       20040 |       00:28:47 |         0.09 |         0.32 |       0.0039 |       0.0497 |      1.0000e-04 |

|      56 |       20050 |       00:28:48 |         0.12 |              |       0.0070 |              |      1.0000e-04 |

|      56 |       20070 |       00:28:51 |         0.10 |         0.22 |       0.0052 |       0.0245 |      1.0000e-04 |

|      56 |       20100 |       00:28:53 |         0.13 |         0.22 |       0.0083 |       0.0240 |      1.0000e-04 |

|      56 |       20130 |       00:28:55 |         0.09 |         0.20 |       0.0041 |       0.0195 |      1.0000e-04 |

|      56 |       20150 |       00:28:56 |         0.09 |              |       0.0041 |              |      1.0000e-04 |

|      56 |       20160 |       00:28:57 |         0.11 |         0.19 |       0.0060 |       0.0179 |      1.0000e-04 |

|      56 |       20190 |       00:28:59 |         0.08 |         0.17 |       0.0036 |       0.0149 |      1.0000e-04 |

|      56 |       20200 |       00:29:00 |         0.07 |              |       0.0024 |              |      1.0000e-04 |

|      56 |       20220 |       00:29:02 |         0.11 |         0.23 |       0.0065 |       0.0263 |      1.0000e-04 |

|      56 |       20250 |       00:29:05 |         0.21 |         0.38 |       0.0223 |       0.0738 |      1.0000e-04 |

|      56 |       20280 |       00:29:08 |         0.08 |         0.28 |       0.0032 |       0.0396 |      1.0000e-04 |

|      56 |       20300 |       00:29:10 |         0.11 |              |       0.0061 |              |      1.0000e-04 |

|      56 |       20310 |       00:29:11 |         0.07 |         0.26 |       0.0025 |       0.0331 |      1.0000e-04 |

|      57 |       20340 |       00:29:14 |         0.09 |         0.22 |       0.0041 |       0.0244 |      1.0000e-04 |

|      57 |       20350 |       00:29:15 |         0.11 |              |       0.0065 |              |      1.0000e-04 |

|      57 |       20370 |       00:29:18 |         0.07 |         0.21 |       0.0021 |       0.0221 |      1.0000e-04 |

|      57 |       20400 |       00:29:21 |         0.31 |         0.34 |       0.0475 |       0.0568 |      1.0000e-04 |

|      57 |       20430 |       00:29:24 |         0.13 |         0.24 |       0.0091 |       0.0288 |      1.0000e-04 |

|      57 |       20450 |       00:29:25 |         0.07 |              |       0.0021 |              |      1.0000e-04 |

|      57 |       20460 |       00:29:27 |         0.09 |         0.19 |       0.0038 |       0.0175 |      1.0000e-04 |

|      57 |       20490 |       00:29:30 |         0.08 |         0.21 |       0.0028 |       0.0214 |      1.0000e-04 |

|      57 |       20500 |       00:29:31 |         0.09 |              |       0.0037 |              |      1.0000e-04 |

|      57 |       20520 |       00:29:33 |         0.09 |         0.22 |       0.0039 |       0.0236 |      1.0000e-04 |

|      57 |       20550 |       00:29:36 |         0.10 |         0.16 |       0.0055 |       0.0130 |      1.0000e-04 |

|      57 |       20580 |       00:29:39 |         0.08 |         0.22 |       0.0031 |       0.0244 |      1.0000e-04 |

|      57 |       20600 |       00:29:41 |         0.07 |              |       0.0021 |              |      1.0000e-04 |

|      57 |       20610 |       00:29:42 |         0.07 |         0.19 |       0.0023 |       0.0176 |      1.0000e-04 |

|      57 |       20640 |       00:29:46 |         0.07 |         0.21 |       0.0027 |       0.0226 |      1.0000e-04 |

|      57 |       20650 |       00:29:46 |         0.08 |              |       0.0028 |              |      1.0000e-04 |

|      57 |       20670 |       00:29:49 |         0.08 |         0.19 |       0.0035 |       0.0173 |      1.0000e-04 |

|      58 |       20700 |       00:29:51 |         0.06 |         0.17 |       0.0018 |       0.0149 |      1.0000e-04 |

|      58 |       20730 |       00:29:53 |         0.10 |         0.20 |       0.0048 |       0.0190 |      1.0000e-04 |

|      58 |       20750 |       00:29:54 |         0.12 |              |       0.0066 |              |      1.0000e-04 |

|      58 |       20760 |       00:29:55 |         0.11 |         0.18 |       0.0065 |       0.0156 |      1.0000e-04 |

|      58 |       20790 |       00:29:57 |         0.08 |         0.19 |       0.0031 |       0.0176 |      1.0000e-04 |

|      58 |       20800 |       00:29:57 |         0.09 |              |       0.0039 |              |      1.0000e-04 |

|      58 |       20820 |       00:29:59 |         0.10 |         0.24 |       0.0045 |       0.0299 |      1.0000e-04 |

|      58 |       20850 |       00:30:01 |         0.07 |         0.21 |       0.0023 |       0.0213 |      1.0000e-04 |

|      58 |       20880 |       00:30:03 |         0.07 |         0.17 |       0.0027 |       0.0140 |      1.0000e-04 |

|      58 |       20900 |       00:30:05 |         0.09 |              |       0.0038 |              |      1.0000e-04 |

|      58 |       20910 |       00:30:07 |         0.06 |         0.20 |       0.0017 |       0.0204 |      1.0000e-04 |

|      58 |       20940 |       00:30:10 |         0.06 |         0.21 |       0.0021 |       0.0229 |      1.0000e-04 |

|      58 |       20950 |       00:30:10 |         0.10 |              |       0.0049 |              |      1.0000e-04 |

|      58 |       20970 |       00:30:13 |         0.09 |         0.18 |       0.0044 |       0.0168 |      1.0000e-04 |

|      58 |       21000 |       00:30:16 |         0.09 |         0.19 |       0.0041 |       0.0182 |      1.0000e-04 |

|      58 |       21030 |       00:30:19 |         0.08 |         0.22 |       0.0036 |       0.0235 |      1.0000e-04 |

|      58 |       21050 |       00:30:21 |         0.05 |              |       0.0013 |              |      1.0000e-04 |

|      59 |       21060 |       00:30:22 |         0.08 |         0.20 |       0.0035 |       0.0199 |      1.0000e-04 |

|      59 |       21090 |       00:30:26 |         0.15 |         0.21 |       0.0113 |       0.0223 |      1.0000e-04 |

|      59 |       21100 |       00:30:26 |         0.06 |              |       0.0019 |              |      1.0000e-04 |

|      59 |       21120 |       00:30:29 |         0.08 |         0.21 |       0.0035 |       0.0226 |      1.0000e-04 |

|      59 |       21150 |       00:30:32 |         0.05 |         0.20 |       0.0012 |       0.0202 |      1.0000e-04 |

|      59 |       21180 |       00:30:35 |         0.05 |         0.22 |       0.0012 |       0.0238 |      1.0000e-04 |

|      59 |       21200 |       00:30:36 |         0.10 |              |       0.0048 |              |      1.0000e-04 |

|      59 |       21210 |       00:30:38 |         0.13 |         0.38 |       0.0091 |       0.0716 |      1.0000e-04 |

|      59 |       21240 |       00:30:41 |         0.07 |         0.18 |       0.0025 |       0.0158 |      1.0000e-04 |

|      59 |       21250 |       00:30:42 |         0.07 |              |       0.0023 |              |      1.0000e-04 |

|      59 |       21270 |       00:30:44 |         0.10 |         0.21 |       0.0049 |       0.0227 |      1.0000e-04 |

|      59 |       21300 |       00:30:47 |         0.11 |         0.20 |       0.0062 |       0.0200 |      1.0000e-04 |

|      59 |       21330 |       00:30:50 |         0.05 |         0.16 |       0.0013 |       0.0134 |      1.0000e-04 |

|      59 |       21350 |       00:30:52 |         0.05 |              |       0.0015 |              |      1.0000e-04 |

|      59 |       21360 |       00:30:54 |         0.11 |         0.18 |       0.0065 |       0.0168 |      1.0000e-04 |

|      59 |       21390 |       00:30:57 |         0.10 |         0.24 |       0.0051 |       0.0276 |      1.0000e-04 |

|      59 |       21400 |       00:30:57 |         0.07 |              |       0.0023 |              |      1.0000e-04 |

|      60 |       21420 |       00:31:00 |         0.07 |         0.21 |       0.0024 |       0.0210 |      1.0000e-04 |

|      60 |       21450 |       00:31:03 |         0.06 |         0.16 |       0.0020 |       0.0131 |      1.0000e-04 |

|      60 |       21480 |       00:31:06 |         0.07 |         0.21 |       0.0027 |       0.0214 |      1.0000e-04 |

|      60 |       21500 |       00:31:07 |         0.10 |              |       0.0047 |              |      1.0000e-04 |

|      60 |       21510 |       00:31:09 |         0.07 |         0.19 |       0.0025 |       0.0176 |      1.0000e-04 |

|      60 |       21540 |       00:31:12 |         0.07 |         0.22 |       0.0025 |       0.0248 |      1.0000e-04 |

|      60 |       21550 |       00:31:13 |         0.09 |              |       0.0045 |              |      1.0000e-04 |

|      60 |       21570 |       00:31:15 |         0.11 |         0.24 |       0.0065 |       0.0277 |      1.0000e-04 |

|      60 |       21600 |       00:31:18 |         0.11 |         0.19 |       0.0057 |       0.0182 |      1.0000e-04 |

|      60 |       21630 |       00:31:21 |         0.10 |         0.23 |       0.0053 |       0.0256 |      1.0000e-04 |

|      60 |       21650 |       00:31:22 |         0.11 |              |       0.0062 |              |      1.0000e-04 |

|      60 |       21660 |       00:31:24 |         0.06 |         0.21 |       0.0019 |       0.0227 |      1.0000e-04 |

|      60 |       21690 |       00:31:27 |         0.28 |         0.45 |       0.0399 |       0.1003 |      1.0000e-04 |

|      60 |       21700 |       00:31:28 |         0.08 |              |       0.0034 |              |      1.0000e-04 |

|      60 |       21720 |       00:31:30 |         0.09 |         0.53 |       0.0042 |       0.1424 |      1.0000e-04 |

|      60 |       21750 |       00:31:33 |         0.07 |         0.21 |       0.0025 |       0.0227 |      1.0000e-04 |

|      60 |       21780 |       00:31:36 |         0.07 |         0.31 |       0.0024 |       0.0465 |      1.0000e-04 |

|      61 |       21800 |       00:31:38 |         0.08 |              |       0.0034 |              |      1.0000e-04 |

|      61 |       21810 |       00:31:40 |         0.09 |         0.30 |       0.0043 |       0.0455 |      1.0000e-04 |

|      61 |       21840 |       00:31:43 |         0.07 |         0.19 |       0.0022 |       0.0178 |      1.0000e-04 |

|      61 |       21850 |       00:31:43 |         0.09 |              |       0.0042 |              |      1.0000e-04 |

|      61 |       21870 |       00:31:46 |         0.09 |         0.19 |       0.0042 |       0.0189 |      1.0000e-04 |

|      61 |       21900 |       00:31:48 |         0.16 |         0.20 |       0.0125 |       0.0203 |      1.0000e-04 |

|      61 |       21930 |       00:31:50 |         0.10 |         0.21 |       0.0051 |       0.0215 |      1.0000e-04 |

|      61 |       21950 |       00:31:50 |         0.07 |              |       0.0025 |              |      1.0000e-04 |

|      61 |       21960 |       00:31:51 |         0.06 |         0.25 |       0.0020 |       0.0308 |      1.0000e-04 |

|      61 |       21990 |       00:31:53 |         0.09 |         0.18 |       0.0036 |       0.0160 |      1.0000e-04 |

|      61 |       22000 |       00:31:54 |         0.09 |              |       0.0042 |              |      1.0000e-04 |

|      61 |       22020 |       00:31:55 |         0.05 |         0.25 |       0.0013 |       0.0321 |      1.0000e-04 |

|      61 |       22050 |       00:31:57 |         0.07 |         0.23 |       0.0025 |       0.0257 |      1.0000e-04 |

|      61 |       22080 |       00:31:59 |         0.09 |         0.26 |       0.0038 |       0.0349 |      1.0000e-04 |

|      61 |       22100 |       00:32:00 |         0.12 |              |       0.0077 |              |      1.0000e-04 |

|      61 |       22110 |       00:32:01 |         0.07 |         0.22 |       0.0021 |       0.0249 |      1.0000e-04 |

|      61 |       22140 |       00:32:03 |         0.09 |         0.21 |       0.0042 |       0.0226 |      1.0000e-04 |

|      62 |       22150 |       00:32:04 |         0.06 |              |       0.0020 |              |      1.0000e-04 |

|      62 |       22170 |       00:32:05 |         0.08 |         0.16 |       0.0028 |       0.0127 |      1.0000e-04 |

|      62 |       22200 |       00:32:08 |         0.07 |         0.16 |       0.0023 |       0.0136 |      1.0000e-04 |

|      62 |       22230 |       00:32:09 |         0.06 |         0.17 |       0.0020 |       0.0145 |      1.0000e-04 |

|      62 |       22250 |       00:32:10 |         0.09 |              |       0.0044 |              |      1.0000e-04 |

|      62 |       22260 |       00:32:11 |         0.11 |         0.22 |       0.0056 |       0.0236 |      1.0000e-04 |

|      62 |       22290 |       00:32:13 |         0.08 |         0.22 |       0.0033 |       0.0238 |      1.0000e-04 |

|      62 |       22300 |       00:32:14 |         0.07 |              |       0.0022 |              |      1.0000e-04 |

|      62 |       22320 |       00:32:15 |         0.05 |         0.23 |       0.0014 |       0.0259 |      1.0000e-04 |

|      62 |       22350 |       00:32:17 |         0.13 |         0.26 |       0.0085 |       0.0348 |      1.0000e-04 |

|      62 |       22380 |       00:32:19 |         0.06 |         0.21 |       0.0018 |       0.0229 |      1.0000e-04 |

|      62 |       22400 |       00:32:20 |         0.07 |              |       0.0022 |              |      1.0000e-04 |

|      62 |       22410 |       00:32:21 |         0.07 |         0.19 |       0.0025 |       0.0173 |      1.0000e-04 |

|      62 |       22440 |       00:32:23 |         0.19 |         0.18 |       0.0185 |       0.0162 |      1.0000e-04 |

|      62 |       22450 |       00:32:23 |         0.10 |              |       0.0047 |              |      1.0000e-04 |

|      62 |       22470 |       00:32:25 |         0.05 |         0.19 |       0.0015 |       0.0187 |      1.0000e-04 |

|      62 |       22500 |       00:32:27 |         0.09 |         0.20 |       0.0037 |       0.0196 |      1.0000e-04 |

|      63 |       22530 |       00:32:29 |         0.19 |         0.23 |       0.0182 |       0.0259 |      1.0000e-04 |

|      63 |       22550 |       00:32:30 |         0.07 |              |       0.0023 |              |      1.0000e-04 |

|      63 |       22560 |       00:32:31 |         0.11 |         0.23 |       0.0055 |       0.0261 |      1.0000e-04 |

|      63 |       22590 |       00:32:33 |         0.06 |         0.20 |       0.0020 |       0.0204 |      1.0000e-04 |

|      63 |       22600 |       00:32:33 |         0.06 |              |       0.0020 |              |      1.0000e-04 |

|      63 |       22620 |       00:32:35 |         0.09 |         0.20 |       0.0040 |       0.0194 |      1.0000e-04 |

|      63 |       22650 |       00:32:36 |         0.09 |         0.36 |       0.0037 |       0.0642 |      1.0000e-04 |

|      63 |       22680 |       00:32:38 |         0.07 |         0.29 |       0.0025 |       0.0408 |      1.0000e-04 |

|      63 |       22700 |       00:32:39 |         0.09 |              |       0.0044 |              |      1.0000e-04 |

|      63 |       22710 |       00:32:40 |         0.09 |         0.28 |       0.0041 |       0.0388 |      1.0000e-04 |

|      63 |       22740 |       00:32:42 |         0.06 |         0.21 |       0.0019 |       0.0222 |      1.0000e-04 |

|      63 |       22750 |       00:32:43 |         0.06 |              |       0.0017 |              |      1.0000e-04 |

|      63 |       22770 |       00:32:44 |         0.06 |         0.22 |       0.0016 |       0.0243 |      1.0000e-04 |

|      63 |       22800 |       00:32:46 |         0.11 |         0.21 |       0.0064 |       0.0223 |      1.0000e-04 |

|      63 |       22830 |       00:32:48 |         0.07 |         0.20 |       0.0022 |       0.0198 |      1.0000e-04 |

|      63 |       22850 |       00:32:49 |         0.06 |              |       0.0019 |              |      1.0000e-04 |

|      63 |       22860 |       00:32:50 |         0.07 |         0.22 |       0.0021 |       0.0251 |      1.0000e-04 |

|      64 |       22890 |       00:32:52 |         0.08 |         0.20 |       0.0032 |       0.0203 |      1.0000e-04 |

|      64 |       22900 |       00:32:52 |         0.07 |              |       0.0024 |              |      1.0000e-04 |

|      64 |       22920 |       00:32:54 |         0.05 |         0.18 |       0.0011 |       0.0158 |      1.0000e-04 |

|      64 |       22950 |       00:32:56 |         0.08 |         0.25 |       0.0033 |       0.0322 |      1.0000e-04 |

|      64 |       22980 |       00:32:58 |         0.07 |         0.35 |       0.0022 |       0.0598 |      1.0000e-04 |

|      64 |       23000 |       00:32:58 |         0.09 |              |       0.0043 |              |      1.0000e-04 |

|      64 |       23010 |       00:33:00 |         0.07 |         0.36 |       0.0024 |       0.0631 |      1.0000e-04 |

|      64 |       23040 |       00:33:01 |         0.06 |         0.23 |       0.0019 |       0.0260 |      1.0000e-04 |

|      64 |       23050 |       00:33:02 |         0.07 |              |       0.0025 |              |      1.0000e-04 |

|      64 |       23070 |       00:33:03 |         0.12 |         0.21 |       0.0068 |       0.0230 |      1.0000e-04 |

|      64 |       23100 |       00:33:05 |         0.08 |         0.20 |       0.0034 |       0.0205 |      1.0000e-04 |

|      64 |       23130 |       00:33:07 |         0.10 |         0.21 |       0.0055 |       0.0216 |      1.0000e-04 |

|      64 |       23150 |       00:33:08 |         0.12 |              |       0.0069 |              |      1.0000e-04 |

|      64 |       23160 |       00:33:09 |         0.07 |         0.20 |       0.0022 |       0.0201 |      1.0000e-04 |

|      64 |       23190 |       00:33:11 |         0.06 |         0.21 |       0.0019 |       0.0213 |      1.0000e-04 |

|      64 |       23200 |       00:33:11 |         0.08 |              |       0.0028 |              |      1.0000e-04 |

|      64 |       23220 |       00:33:13 |         0.05 |         0.19 |       0.0014 |       0.0172 |      1.0000e-04 |

|      65 |       23250 |       00:33:15 |         0.07 |         0.21 |       0.0027 |       0.0214 |      1.0000e-04 |

|      65 |       23280 |       00:33:17 |         0.05 |         0.24 |       0.0012 |       0.0295 |      1.0000e-04 |

|      65 |       23300 |       00:33:18 |         0.05 |              |       0.0013 |              |      1.0000e-04 |

|      65 |       23310 |       00:33:19 |         0.08 |         0.31 |       0.0033 |       0.0477 |      1.0000e-04 |

|      65 |       23340 |       00:33:21 |         0.07 |         0.19 |       0.0026 |       0.0186 |      1.0000e-04 |

|      65 |       23350 |       00:33:21 |         0.12 |              |       0.0070 |              |      1.0000e-04 |

|      65 |       23370 |       00:33:23 |         0.10 |         0.19 |       0.0049 |       0.0173 |      1.0000e-04 |

|      65 |       23400 |       00:33:25 |         0.05 |         0.18 |       0.0012 |       0.0165 |      1.0000e-04 |

|      65 |       23430 |       00:33:27 |         0.09 |         0.20 |       0.0041 |       0.0197 |      1.0000e-04 |

|      65 |       23450 |       00:33:29 |         0.06 |              |       0.0020 |              |      1.0000e-04 |

|      65 |       23460 |       00:33:30 |         0.06 |         0.26 |       0.0015 |       0.0325 |      1.0000e-04 |

|      65 |       23490 |       00:33:33 |         0.04 |         0.16 |       0.0010 |       0.0134 |      1.0000e-04 |

|      65 |       23500 |       00:33:34 |         0.14 |              |       0.0093 |              |      1.0000e-04 |

|      65 |       23520 |       00:33:37 |         0.06 |         0.18 |       0.0020 |       0.0157 |      1.0000e-04 |

|      65 |       23550 |       00:33:40 |         0.05 |         0.20 |       0.0012 |       0.0206 |      1.0000e-04 |

|      65 |       23580 |       00:33:43 |         0.07 |         0.20 |       0.0025 |       0.0203 |      1.0000e-04 |

|      66 |       23600 |       00:33:44 |         0.06 |              |       0.0018 |              |      1.0000e-04 |

|      66 |       23610 |       00:33:46 |         0.07 |         0.18 |       0.0022 |       0.0161 |      1.0000e-04 |

|      66 |       23640 |       00:33:49 |         0.10 |         0.19 |       0.0055 |       0.0188 |      1.0000e-04 |

|      66 |       23650 |       00:33:49 |         0.05 |              |       0.0014 |              |      1.0000e-04 |

|      66 |       23670 |       00:33:52 |         0.17 |         0.30 |       0.0147 |       0.0438 |      1.0000e-04 |

|      66 |       23700 |       00:33:55 |         0.43 |         0.30 |       0.0916 |       0.0456 |      1.0000e-04 |

|      66 |       23730 |       00:33:58 |         0.07 |         0.16 |       0.0026 |       0.0133 |      1.0000e-04 |

|      66 |       23750 |       00:33:59 |         0.08 |              |       0.0033 |              |      1.0000e-04 |

|      66 |       23760 |       00:34:01 |         0.10 |         0.16 |       0.0047 |       0.0125 |      1.0000e-04 |

|      66 |       23790 |       00:34:04 |         0.07 |         0.18 |       0.0026 |       0.0161 |      1.0000e-04 |

|      66 |       23800 |       00:34:05 |         0.08 |              |       0.0031 |              |      1.0000e-04 |

|      66 |       23820 |       00:34:07 |         0.06 |         0.17 |       0.0017 |       0.0145 |      1.0000e-04 |

|      66 |       23850 |       00:34:10 |         0.10 |         0.22 |       0.0050 |       0.0247 |      1.0000e-04 |

|      66 |       23880 |       00:34:13 |         0.07 |         0.17 |       0.0023 |       0.0144 |      1.0000e-04 |

|      66 |       23900 |       00:34:15 |         0.05 |              |       0.0014 |              |      1.0000e-04 |

|      66 |       23910 |       00:34:16 |         0.07 |         0.20 |       0.0026 |       0.0203 |      1.0000e-04 |

|      66 |       23940 |       00:34:19 |         0.13 |         0.20 |       0.0079 |       0.0196 |      1.0000e-04 |

|      66 |       23950 |       00:34:20 |         0.06 |              |       0.0016 |              |      1.0000e-04 |

|      67 |       23970 |       00:34:23 |         0.07 |         0.17 |       0.0022 |       0.0137 |      1.0000e-04 |

|      67 |       24000 |       00:34:26 |         0.09 |         0.25 |       0.0038 |       0.0315 |      1.0000e-04 |

|      67 |       24030 |       00:34:29 |         0.13 |         0.33 |       0.0088 |       0.0530 |      1.0000e-04 |

|      67 |       24050 |       00:34:30 |         0.10 |              |       0.0053 |              |      1.0000e-04 |

|      67 |       24060 |       00:34:32 |         0.09 |         0.49 |       0.0039 |       0.1216 |      1.0000e-04 |

|      67 |       24090 |       00:34:34 |         0.07 |         0.30 |       0.0021 |       0.0450 |      1.0000e-04 |

|      67 |       24100 |       00:34:35 |         0.14 |              |       0.0099 |              |      1.0000e-04 |

|      67 |       24120 |       00:34:36 |         0.09 |         0.38 |       0.0039 |       0.0720 |      1.0000e-04 |

|      67 |       24150 |       00:34:38 |         0.08 |         0.21 |       0.0029 |       0.0224 |      1.0000e-04 |

|      67 |       24180 |       00:34:40 |         0.06 |         0.28 |       0.0019 |       0.0383 |      1.0000e-04 |

|      67 |       24200 |       00:34:41 |         0.08 |              |       0.0034 |              |      1.0000e-04 |

|      67 |       24210 |       00:34:42 |         0.07 |         0.17 |       0.0025 |       0.0149 |      1.0000e-04 |

|      67 |       24240 |       00:34:44 |         0.08 |         0.21 |       0.0032 |       0.0222 |      1.0000e-04 |

|      67 |       24250 |       00:34:45 |         0.08 |              |       0.0029 |              |      1.0000e-04 |

|      67 |       24270 |       00:34:46 |         0.08 |         0.22 |       0.0035 |       0.0253 |      1.0000e-04 |

|      67 |       24300 |       00:34:48 |         0.06 |         0.21 |       0.0018 |       0.0218 |      1.0000e-04 |

|      68 |       24330 |       00:34:50 |         0.07 |         0.19 |       0.0025 |       0.0177 |      1.0000e-04 |

|      68 |       24350 |       00:34:51 |         0.04 |              |       0.0009 |              |      1.0000e-04 |

|      68 |       24360 |       00:34:52 |         0.07 |         0.16 |       0.0022 |       0.0125 |      1.0000e-04 |

|      68 |       24390 |       00:34:54 |         0.15 |         0.24 |       0.0110 |       0.0277 |      1.0000e-04 |

|      68 |       24400 |       00:34:54 |         0.15 |              |       0.0117 |              |      1.0000e-04 |

|      68 |       24420 |       00:34:56 |         0.05 |         0.21 |       0.0013 |       0.0222 |      1.0000e-04 |

|      68 |       24450 |       00:34:58 |         0.12 |         0.18 |       0.0074 |       0.0153 |      1.0000e-04 |

|      68 |       24480 |       00:35:00 |         0.07 |         0.25 |       0.0022 |       0.0319 |      1.0000e-04 |

|      68 |       24500 |       00:35:01 |         0.05 |              |       0.0012 |              |      1.0000e-04 |

|      68 |       24510 |       00:35:02 |         0.10 |         0.26 |       0.0047 |       0.0330 |      1.0000e-04 |

|      68 |       24540 |       00:35:04 |         0.09 |         0.16 |       0.0040 |       0.0131 |      1.0000e-04 |

|      68 |       24550 |       00:35:04 |         0.08 |              |       0.0030 |              |      1.0000e-04 |

|      68 |       24570 |       00:35:06 |         0.06 |         0.16 |       0.0019 |       0.0135 |      1.0000e-04 |

|      68 |       24600 |       00:35:08 |         0.05 |         0.20 |       0.0014 |       0.0203 |      1.0000e-04 |

|      68 |       24630 |       00:35:10 |         0.10 |         0.18 |       0.0053 |       0.0160 |      1.0000e-04 |

|      68 |       24650 |       00:35:11 |         0.07 |              |       0.0028 |              |      1.0000e-04 |

|      68 |       24660 |       00:35:12 |         0.06 |         0.20 |       0.0019 |       0.0191 |      1.0000e-04 |

|      69 |       24690 |       00:35:14 |         0.05 |         0.20 |       0.0010 |       0.0198 |      1.0000e-04 |

|      69 |       24700 |       00:35:14 |         0.06 |              |       0.0018 |              |      1.0000e-04 |

|      69 |       24720 |       00:35:16 |         0.11 |         0.19 |       0.0057 |       0.0189 |      1.0000e-04 |

|      69 |       24750 |       00:35:18 |         0.07 |         0.18 |       0.0023 |       0.0164 |      1.0000e-04 |

|      69 |       24780 |       00:35:20 |         0.05 |         0.16 |       0.0013 |       0.0125 |      1.0000e-04 |

|      69 |       24800 |       00:35:21 |         0.07 |              |       0.0024 |              |      1.0000e-04 |

|      69 |       24810 |       00:35:23 |         0.08 |         0.16 |       0.0034 |       0.0132 |      1.0000e-04 |

|      69 |       24840 |       00:35:26 |         0.05 |         0.19 |       0.0015 |       0.0185 |      1.0000e-04 |

|      69 |       24850 |       00:35:27 |         0.07 |              |       0.0027 |              |      1.0000e-04 |

|      69 |       24870 |       00:35:29 |         0.06 |         0.20 |       0.0020 |       0.0206 |      1.0000e-04 |

|      69 |       24900 |       00:35:31 |         0.07 |         0.18 |       0.0028 |       0.0165 |      1.0000e-04 |

|      69 |       24930 |       00:35:33 |         0.08 |         0.19 |       0.0030 |       0.0180 |      1.0000e-04 |

|      69 |       24950 |       00:35:34 |         0.05 |              |       0.0013 |              |      1.0000e-04 |

|      69 |       24960 |       00:35:35 |         0.05 |         0.16 |       0.0013 |       0.0128 |      1.0000e-04 |

|      69 |       24990 |       00:35:37 |         0.05 |         0.18 |       0.0013 |       0.0160 |      1.0000e-04 |

|      69 |       25000 |       00:35:38 |         0.06 |              |       0.0019 |              |      1.0000e-04 |

|      69 |       25020 |       00:35:40 |         0.08 |         0.26 |       0.0031 |       0.0345 |      1.0000e-04 |

|      70 |       25050 |       00:35:43 |         0.14 |         0.19 |       0.0093 |       0.0175 |      1.0000e-04 |

|      70 |       25080 |       00:35:47 |         0.06 |         0.16 |       0.0020 |       0.0130 |      1.0000e-04 |

|      70 |       25100 |       00:35:48 |         0.06 |              |       0.0020 |              |      1.0000e-04 |

|      70 |       25110 |       00:35:50 |         0.05 |         0.23 |       0.0010 |       0.0257 |      1.0000e-04 |

|      70 |       25140 |       00:35:53 |         0.05 |         0.18 |       0.0013 |       0.0161 |      1.0000e-04 |

|      70 |       25150 |       00:35:53 |         0.10 |              |       0.0054 |              |      1.0000e-04 |

|      70 |       25170 |       00:35:56 |         0.08 |         0.26 |       0.0030 |       0.0345 |      1.0000e-04 |

|      70 |       25200 |       00:35:58 |         0.05 |         0.19 |       0.0010 |       0.0179 |      1.0000e-04 |

|      70 |       25230 |       00:36:00 |         0.06 |         0.25 |       0.0017 |       0.0319 |      1.0000e-04 |

|      70 |       25250 |       00:36:00 |         0.05 |              |       0.0011 |              |      1.0000e-04 |

|      70 |       25260 |       00:36:02 |         0.07 |         0.20 |       0.0023 |       0.0192 |      1.0000e-04 |

|      70 |       25290 |       00:36:04 |         0.05 |         0.22 |       0.0013 |       0.0246 |      1.0000e-04 |

|      70 |       25300 |       00:36:04 |         0.07 |              |       0.0026 |              |      1.0000e-04 |

|      70 |       25320 |       00:36:06 |         0.04 |         0.19 |       0.0009 |       0.0173 |      1.0000e-04 |

|      70 |       25350 |       00:36:08 |         0.06 |         0.23 |       0.0016 |       0.0259 |      1.0000e-04 |

|      70 |       25380 |       00:36:11 |         0.14 |         0.22 |       0.0103 |       0.0235 |      1.0000e-04 |

|      70 |       25400 |       00:36:12 |         0.07 |              |       0.0022 |              |      1.0000e-04 |

|      70 |       25410 |       00:36:14 |         0.10 |         0.23 |       0.0047 |       0.0260 |      1.0000e-04 |

|======================================================================================================================|

Training finished: Max epochs completed.

[Spectrogram] Validation RMSE: 0.7455

Saved model to: Models\ResNet18_Spectrogram_trained.mat




